Torneo,Tipo_Torneo,Nombre,Nacionalidad,0_Pokémon,0_Objeto,0_Habilidad,0_Teratipo,0_Mov1,0_Mov2,0_Mov3,0_Mov4,1_Pokémon,1_Objeto,1_Habilidad,1_Teratipo,1_Mov1,1_Mov2,1_Mov3,1_Mov4,2_Pokémon,2_Objeto,2_Habilidad,2_Teratipo,2_Mov1,2_Mov2,2_Mov3,2_Mov4,3_Pokémon,3_Objeto,3_Habilidad,3_Teratipo,3_Mov1,3_Mov2,3_Mov3,3_Mov4,4_Pokémon,4_Objeto,4_Habilidad,4_Teratipo,4_Mov1,4_Mov2,4_Mov3,4_Mov4,5_Pokémon,5_Objeto,5_Habilidad,5_Teratipo,5_Mov1,5_Mov2,5_Mov3,5_Mov4,Ronda_1,Resultado_1,Ronda_2,Resultado_2,Ronda_3,Resultado_3,Ronda_4,Resultado_4,Ronda_5,Resultado_5,Ronda_6,Resultado_6,Ronda_7,Resultado_7,Ronda_8,Resultado_8,Ronda_9,Resultado_9,Ronda_10,Resultado_10,Enfrentamientos,Equipo,Wins,Losses
regional-goiânia,Oficial,Pedro Soares Fialdini,BR,Rillaboom, Assault Vest,Grassy Surge,Fire,Wood Hammer,U-turn,Grassy Glide,Fake Out,Landorus, Life Orb,Sheer Force,Poison,Earth Power,Sludge Bomb,Substitute,Protect,Incineroar, Safety Goggles,Intimidate,Ghost,Flare Blitz,Knock Off,Fake Out,Parting Shot,Raging Bolt,Leftovers,Protosynthesis,Fairy,Dragon Pulse,Thunderclap,Calm Mind,Protect,Urshifu-Rapid-Strike, Choice Scarf,Unseen Fist,Steel,Surging Strikes,Close Combat,Ice Spinner,U-turn,Chien-Pao, Focus Sash,Sword of Ruin,Stellar,Icicle Crash,Sucker Punch,Sacred Sword,Protect,Caio Romanini ,Win,Diego Sebastián Ortiz Sánchez ,Win,Igor Fagundes ,Win,Murilo Vieira Santa Barbara ,Win,Gabriel Agati ,Loss,Sebastian Bisbal ,Win,Dylan Torres ,Loss,Sebastian Bisbal ,Win,Gabriel Agati ,Win,Dylan Torres ,Win,https://standings.stalruth.dev/2024/regional-goi%C3%A2nia/masters/41,https://pokepast.es/5f7c1344482e0858,8,2
regional-goiânia,Oficial,Dylan Torres,BR,Ursaluna, Flame Orb,Guts,Fairy,Facade,Headlong Rush,Swords Dance,Protect,Hatterene, Life Orb,Magic Bounce,Psychic,Expanding Force,Dazzling Gleam,Trick Room,Protect,Flutter Mane, Focus Sash,Protosynthesis,Stellar,Dazzling Gleam,Moonblast,Shadow Ball,Protect,Torkoal, Choice Specs,Drought,Fire,Eruption,Weather Ball,Solar Beam,Earth Power,Indeedee-F, Rocky Helmet,Psychic Surge,Fairy,Dazzling Gleam,Follow Me,Helping Hand,Trick Room,Gallade, Clear Amulet,Sharpness,Grass,Psycho Cut,Sacred Sword,Wide Guard,Trick Room,Jessica Miranda de Freitas ,Win,Robson Hamilton Carréa Filho ,Win,Pedro Henrique Soares Feitosa ,Win,Victor Vieira ,Loss,Arthur Katz ,Win,Renzo Navarro ,Win,Pedro Soares Fialdini ,Win,DROP,DROP,Sebastian Escalante ,Win,Pedro Soares Fialdini ,Loss,https://standings.stalruth.dev/2024/regional-goi%C3%A2nia/masters/62,https://pokepast.es/691eb99f3f31f707,8,2
regional-goiânia,Oficial,Sebastian Escalante,AR,Arcanine-Hisui,Choice Band,Intimidate,Ghost,Rock Slide,Flare Blitz,Extreme Speed,Head Smash,Raging Bolt,Assault Vest,Protosynthesis,Fairy,Electroweb,Snarl,Draco Meteor,Thunderclap,Ninetales-Alola, Light Clay,Snow Warning,Fire,Blizzard,Aurora Veil,Moonblast,Helping Hand,Landorus, Life Orb,Sheer Force,Steel,Protect,Earth Power,Sludge Bomb,Substitute,Articuno, Choice Specs,Snow Cloak,Ice,Blizzard,Freeze-Dry,Ice Beam,Sheer Cold,Ogerpon-Wellspring,Wellspring Mask,Water Absorb,Water,Spiky Shield,Ivy Cudgel,Horn Leech,Follow Me,javier ramirez ,Win,Bruno Cotrim ,Win,Daniel Vieira ,Win,Luiz Lima ,Win,Sebastian Bisbal ,Loss,Fábio Lima ,Win,Caio Romanini ,Win,Diego Gutierrez ,Win,Dylan Torres ,Loss,,,https://standings.stalruth.dev/2024/regional-goi%C3%A2nia/masters/36,https://pokepast.es/a60fbdd4fc6fda73,7,2
regional-goiânia,Oficial,Gabriel Agati,BR,Rillaboom, Assault Vest,Grassy Surge,Fire,Wood Hammer,U-turn,Grassy Glide,Fake Out,Raging Bolt,Leftovers,Protosynthesis,Fairy,Protect,Thunderclap,Dragon Pulse,Calm Mind,Chien-Pao, Focus Sash,Sword of Ruin,Ghost,Protect,Sucker Punch,Icicle Crash,Sacred Sword,Incineroar, Safety Goggles,Intimidate,Ghost,Parting Shot,Will-O-Wisp,Flare Blitz,Fake Out,Volcarona, Sitrus Berry,Flame Body,Fairy,Protect,Heat Wave,Tera Blast,Quiver Dance,Urshifu-Rapid-Strike,Mystic Water,Unseen Fist,Steel,Detect,Surging Strikes,Close Combat,Aqua Jet,Hugo Nascimento Vilela dos Santos ,Win,VITOR HUGO DE OLIVEIRA TELES ,Win,ruan carvalho ,Win,Arthur Katz ,Win,Pedro Soares Fialdini ,Win,Victor Vieira ,Win,Sebastian Bisbal ,Loss,Pedro Henrique Rubini Cini ,Win,Pedro Soares Fialdini ,Loss,,,https://standings.stalruth.dev/2024/regional-goi%C3%A2nia/masters/8,https://pokepast.es/e6f9011ad28ee3c4,7,2
regional-goiânia,Oficial,Sebastian Bisbal,PE,Ogerpon-Wellspring,Wellspring Mask,Water Absorb,Water,- Ivy Cudgel,Horn Leech,Follow Me,Spiky Shield,Raging Bolt,Life Orb,Protosynthesis,Fairy,Thunderbolt,Dragon Pulse,Thunderclap,Protect,Kingambit, Safety Goggles,Defiant,Dragon,Kowtow Cleave,Swords Dance,Sucker Punch,Protect,Flutter Mane, Choice Specs,Protosynthesis,Fairy,Moonblast,Dazzling Gleam,Shadow Ball,Icy Wind,Rillaboom, Assault Vest,Grassy Surge,Fire,Grassy Glide,Wood Hammer,U-turn,Fake Out,Arcanine-Hisui,Choice Band,Intimidate,Fairy,Rock Slide,Flare Blitz,Extreme Speed,Head Smash,Rafael Cassemiro Tezzotto ,Win,Fábio Souza ,Win,Paul Ruiz ,Win,Claudio Kamoda ,Win,Sebastian Escalante ,Win,Pedro Soares Fialdini ,Loss,Gabriel Agati ,Win,Pedro Soares Fialdini ,Loss,,,,,https://standings.stalruth.dev/2024/regional-goi%C3%A2nia/masters/68,https://pokepast.es/aaa548cfe445a78d,6,2
regional-goiânia,Oficial,Pedro Henrique Rubini Cini,BR,Gouging Fire,Clear Amulet,Protosynthesis,Fire,Heat Crash,Dragon Claw,Dragon Dance,Protect,Ogerpon-Wellspring,Wellspring Mask,Water Absorb,Water,- Ivy Cudgel,Horn Leech,Follow Me,Spiky Shield,Landorus, Life Orb,Sheer Force,Poison,Earth Power,Sludge Bomb,Substitute,Protect,Raging Bolt,Assault Vest,Protosynthesis,Electric,Thunderbolt,Thunderclap,Electroweb,Dragon Pulse,Flutter Mane, Booster Energy,Protosynthesis,Grass,Moonblast,Shadow Ball,Icy Wind,Protect,Incineroar, Sitrus Berry,Intimidate,Ghost,Flare Blitz,Knock Off,Parting Shot,Fake Out,BRUNO PIONTE ,Win,Guilherme Queiroz ,Win,nicolas del campo ,Win,Gustavo kengo ,Win,Victor Vieira ,Loss,Christian Rangel ,Win,Claudio Kamoda ,Win,Gabriel Agati ,Loss,,,,,https://standings.stalruth.dev/2024/regional-goi%C3%A2nia/masters/55,https://pokepast.es/95b39c96c19aa631,6,2
regional-goiânia,Oficial,Diego Gutierrez,PE,Ogerpon-Wellspring,Wellspring Mask,Water Absorb,Water,- Ivy Cudgel,Horn Leech,Follow Me,Spiky Shield,Kingambit, Safety Goggles,Defiant,Dragon,Kowtow Cleave,Sucker Punch,Swords Dance,Protect,Raging Bolt,Life Orb,Protosynthesis,Fairy,Thunderbolt,Dragon Pulse,Thunderclap,Protect,Rillaboom, Assault Vest,Grassy Surge,Fire,Fake Out,Wood Hammer,Grassy Glide,U-turn,Arcanine-Hisui,Choice Band,Intimidate,Fairy,Flare Blitz,Rock Slide,Extreme Speed,Head Smash,Flutter Mane, Choice Specs,Protosynthesis,Fairy,Moonblast,Shadow Ball,Dazzling Gleam,Thunderbolt,João Castro ,Win,David Assato ,Loss,Lorenzo Tonetti ,Win,Eduardo Oliveira ,Win,Bruno Cotrim ,Win,Omar Acuña Acevedo ,Win,Yan Sym ,Win,Sebastian Escalante ,Loss,,,,,https://standings.stalruth.dev/2024/regional-goi%C3%A2nia/masters/42,https://pokepast.es/f242f48e905988cc,6,2
regional-goiânia,Oficial,Yan Sym,BR,Incineroar, Safety Goggles,Intimidate,Ghost,Flare Blitz,Will-O-Wisp,Fake Out,Parting Shot,Chien-Pao, Focus Sash,Sword of Ruin,Ghost,Icicle Crash,Sacred Sword,Sucker Punch,Protect,Raging Bolt,Leftovers,Protosynthesis,Fairy,- Thunderclap,Dragon Pulse,Calm Mind,Protect,Rillaboom, Assault Vest,Grassy Surge,Fire,Wood Hammer,Grassy Glide,Fake Out,U-turn,Volcarona, Sitrus Berry,Flame Body,Fairy,Heat Wave,Tera Blast,Quiver Dance,Protect,Urshifu-Rapid-Strike, Choice Scarf,Unseen Fist,Steel,Surging Strikes,Close Combat,Aqua Jet,U-turn,Orlando Gomes Mariano ,Win,Renzo Navarro ,Win,Victor Rachik ,Win,Daniel Vieira ,Loss,Luiz Lima ,Win,BRUNO PIONTE ,Win,Diego Gutierrez ,Loss,,,,,,,https://standings.stalruth.dev/2024/regional-goi%C3%A2nia/masters/71,https://pokepast.es/0e1ef4f3bade662f,5,2
regional-goiânia,Oficial,Victor Vieira,BR,Landorus, Life Orb,Sheer Force,Poison,Protect,Earth Power,Sludge Bomb,Substitute,Chien-Pao, Focus Sash,Sword of Ruin,Ghost,Protect,Icicle Crash,Sacred Sword,Sucker Punch,Rillaboom, Assault Vest,Grassy Surge,Fire,Grassy Glide,Wood Hammer,U-turn,Fake Out,Raging Bolt,Leftovers,Protosynthesis,Fairy,Protect,Dragon Pulse,Thunderclap,Calm Mind,Ogerpon-Hearthflame,Hearthflame Mask,Mold Breaker,Fire,Spiky Shield,Ivy Cudgel,Grassy Glide,Swords Dance,Incineroar, Sitrus Berry,Intimidate,Ghost,Flare Blitz,Knock Off,Parting Shot,Fake Out,Pedro Soares ,Win,Rodrigo Vieira ,Win,Maicon De Moraes Silveira ,Win,Dylan Torres ,Win,Pedro Henrique Rubini Cini ,Win,Gabriel Agati ,Loss,DROP,DROP,,,,,,,https://standings.stalruth.dev/2024/regional-goi%C3%A2nia/masters/66,https://pokepast.es/6c45e04ac036ac33,5,2
regional-goiânia,Oficial,Pedro Henrique Soares Feitosa,BR,Ogerpon-Wellspring,Wellspring Mask,Water Absorb,Water,Spiky Shield,Horn Leech,Follow Me,Ivy Cudgel,Chien-Pao, Focus Sash,Sword of Ruin,Stellar,Protect,Ice Spinner,Sacred Sword,Sucker Punch,Raging Bolt,Assault Vest,Protosynthesis,Fairy,Electroweb,Thunderclap,Dragon Pulse,Snarl,Gholdengo, Leftovers,Good as Gold,Fairy,Protect,Make It Rain,Shadow Ball,Nasty Plot,Zapdos-Galar, Choice Scarf,Defiant,Ghost,Brave Bird,U-turn,Close Combat,Thunderous Kick,Incineroar, Sitrus Berry,Intimidate,Grass,Will-O-Wisp,Flare Blitz,Fake Out,Parting Shot,cristhian andrade ,Win,Pedro Souza ,Win,Dylan Torres ,Loss,Rodolfo Martins ,Win,Renzo Navarro ,Loss,Arthur Katz ,Win,BRUNO PIONTE ,Win,,,,,,,https://standings.stalruth.dev/2024/regional-goi%C3%A2nia/masters/24,https://pokepast.es/172e87a4aebc97a4,5,2
regional-goiânia,Oficial,Victor Rachik,BR,Urshifu-Rapid-Strike, Choice Scarf,Unseen Fist,Grass,Surging Strikes,Close Combat,Ice Punch,U-turn,Chien-Pao, Focus Sash,Sword of Ruin,Ghost,Protect,Icicle Crash,Sucker Punch,Sacred Sword,Incineroar, Safety Goggles,Intimidate,Ghost,Flare Blitz,Parting Shot,Will-O-Wisp,Fake Out,Rillaboom,Meadow Plate,Grassy Surge,Ghost,Grassy Glide,Wood Hammer,Taunt,Fake Out,Raging Bolt,Assault Vest,Protosynthesis,Fairy,Draco Meteor,Thunderclap,Electroweb,Snarl,Volcarona, Leftovers,Flame Body,Fairy,Protect,Heat Wave,Tera Blast,Quiver Dance,Carlos Alberto Agarie Junior ,Win,Christian Rangel ,Win,Yan Sym ,Loss,Arthur Tavares ,Win,Murilo Vieira Santa Barbara ,Win,DROP,DROP,Daniel Vieira ,Win,,,,,,,https://standings.stalruth.dev/2024/regional-goi%C3%A2nia/masters/26,https://pokepast.es/30703b624577a1cb,5,2
regional-goiânia,Oficial,Gustavo kengo,BR,Ogerpon-Hearthflame,Hearthflame Mask,Mold Breaker,Fire,- Ivy Cudgel,Swords Dance,Grassy Glide,Spiky Shield,Ursaluna-Bloodmoon,Life Orb,Mind’s Eye,Normal,- Blood Moon,Earth Power,Hyper Voice,Protect,Urshifu, Focus Sash,Unseen Fist,Dark,Close Combat,Wicked Blow,Sucker Punch,Detect,Incineroar, Assault Vest,Intimidate,Ghost,Fake Out,Flare Blitz,Snarl,U-turn,Rillaboom,Miracle Seed,Grassy Surge,Fire,Wood Hammer,Grassy Glide,Fake Out,U-turn,Farigiraf, Sitrus Berry,Armor Tail,Fairy,Helping Hand,Hyper Voice,Psychic,Trick Room,Allan Gabriel ,Win,Eduardo Alves dos Santos ,Win,Rodolfo Martins ,Win,Pedro Henrique Rubini Cini ,Loss,Fábio Lima ,Loss,VINICIUS JUNQUEIRA ,Win,Bruno Cotrim ,Win,,,,,,,https://standings.stalruth.dev/2024/regional-goi%C3%A2nia/masters/44,https://pokepast.es/14fbf509d4ad6ad9,5,2
regional-goiânia,Oficial,Caio Romanini,BR,Landorus, Life Orb,Sheer Force,Poison,Protect,Sludge Bomb,Sandsear Storm,Earth Power,Urshifu-Rapid-Strike, Choice Scarf,Unseen Fist,Water,Surging Strikes,Aqua Jet,Close Combat,U-turn,Raging Bolt,Booster Energy,Protosynthesis,Electric,- Thunderclap,Protect,Thunderbolt,Dragon Pulse,Incineroar, Safety Goggles,Intimidate,Ghost,Knock Off,Flare Blitz,Parting Shot,Fake Out,Rillaboom, Assault Vest,Grassy Surge,Fire,Grassy Glide,Wood Hammer,Fake Out,U-turn,Tornadus, Rocky Helmet,Prankster,Ghost,Bleakwind Storm,Taunt,Tailwind,Rain Dance,Pedro Soares Fialdini ,Loss,Telmo Alves Lima Junior ,Win,João Castro ,Win,ruan carvalho ,Win,Daniel Vieira ,Win,Thiago Lattanzi ,Win,Sebastian Escalante ,Loss,,,,,,,https://standings.stalruth.dev/2024/regional-goi%C3%A2nia/masters/40,https://pokepast.es/547f413b95dd4951,5,2
regional-goiânia,Oficial,Igor Fagundes,BR,Raging Bolt,Assault Vest,Protosynthesis,Fairy,- Thunderclap,Dragon Pulse,Electroweb,Snarl,Chien-Pao, Focus Sash,Sword of Ruin,Ghost,Icicle Crash,Protect,Sucker Punch,Sacred Sword,Dragonite, Choice Band,Inner Focus,Normal,Outrage,Extreme Speed,Stomping Tantrum,Aerial Ace,Urshifu-Rapid-Strike, Choice Scarf,Unseen Fist,Water,Surging Strikes,Aqua Jet,Close Combat,U-turn,Ogerpon-Hearthflame,Hearthflame Mask,Mold Breaker,Fire,- Ivy Cudgel,Horn Leech,Spiky Shield,Swords Dance,Rillaboom,Miracle Seed,Grassy Surge,Fire,Fake Out,Grassy Glide,Wood Hammer,U-turn,DROP,DROP,Carlos Rodrigues muniz ,Win,Pedro Soares Fialdini ,Loss,Eduardo Alves dos Santos ,Win,Omar Acuña Acevedo ,Loss,Daniel Rocha ,Win,Guilherme Queiroz ,Win,,,,,,,https://standings.stalruth.dev/2024/regional-goi%C3%A2nia/masters/31,https://pokepast.es/3bbdbe914c6560f5,5,2
regional-goiânia,Oficial,Rodolfo Martins,BR,Flutter Mane, Choice Specs,Protosynthesis,Fairy,Dazzling Gleam,Moonblast,Shadow Ball,Power Gem,Porygon2, Eviolite,Download,Poison,Recover,Tera Blast,Trick Room,Ice Beam,Roaring Moon, Booster Energy,Protosynthesis,Flying,Protect,Acrobatics,Knock Off,Dragon Dance,Incineroar, Safety Goggles,Intimidate,Ghost,Parting Shot,Fake Out,Flare Blitz,Knock Off,Urshifu-Rapid-Strike,Mystic Water,Unseen Fist,Water,Detect,Surging Strikes,Close Combat,Aqua Jet,Amoonguss, Sitrus Berry,Regenerator,Fairy,Protect,Rage Powder,Pollen Puff,Spore,Omar Acuña Acevedo ,Win,Thiago Prates ,Win,Gustavo kengo ,Loss,Pedro Henrique Soares Feitosa ,Loss,David Assato ,Win,Murilo Vieira Santa Barbara ,Win,Romulo Ramiro da Silva Oliveira ,Win,,,,,,,https://standings.stalruth.dev/2024/regional-goi%C3%A2nia/masters/99,https://pokepast.es/19ae7af7727e2cc0,5,2
regional-goiânia,Oficial,Renzo Navarro,PE,Rillaboom, Assault Vest,Grassy Surge,Fire,Wood Hammer,U-turn,Grassy Glide,Fake Out,Ogerpon-Wellspring,Wellspring Mask,Water Absorb,Water,- Ivy Cudgel,Horn Leech,Follow Me,Spiky Shield,Raging Bolt,Life Orb,Protosynthesis,Fairy,Thunderbolt,Dragon Pulse,Thunderclap,Protect,Kingambit, Safety Goggles,Defiant,Dragon,Kowtow Cleave,Sucker Punch,Swords Dance,Protect,Arcanine-Hisui,Choice Band,Intimidate,Fairy,Flare Blitz,Rock Slide,Extreme Speed,Head Smash,Flutter Mane, Choice Specs,Protosynthesis,Fairy,Moonblast,Dazzling Gleam,Shadow Ball,Icy Wind,Matheus Veiga ,Win,Yan Sym ,Loss,Lorenzo Jung ,Win,nicolas del campo ,Win,Pedro Henrique Soares Feitosa ,Win,Dylan Torres ,Loss,Fábio Lima ,Win,,,,,,,https://standings.stalruth.dev/2024/regional-goi%C3%A2nia/masters/58,https://pokepast.es/716f596f5a2828de,5,2
regional-goiânia,Oficial,Claudio Kamoda,BR,Tornadus, Rocky Helmet,Prankster,Steel,Protect,Tailwind,Sunny Day,Bleakwind Storm,Flutter Mane, Booster Energy,Protosynthesis,Fairy,Protect,Moonblast,Icy Wind,Dazzling Gleam,Ogerpon-Wellspring,Wellspring Mask,Water Absorb,Water,Spiky Shield,Ivy Cudgel,Follow Me,Horn Leech,Glimmora, Power Herb,Toxic Debris,Grass,Spiky Shield,Meteor Beam,Sludge Bomb,Earth Power,Urshifu, Focus Sash,Unseen Fist,Dark,Detect,Wicked Blow,Close Combat,Sucker Punch,Chi-Yu, Choice Specs,Beads of Ruin,Ghost,Dark Pulse,Heat Wave,Snarl,Overheat,Philip Puertas ,Win,Sergio Igarashi ,Win,Enzo Mosso Carneiro ,Win,Sebastian Bisbal ,Loss,Romulo Ramiro da Silva Oliveira ,Win,Felipe Pinheiro de Souza ,Win,Pedro Henrique Rubini Cini ,Loss,,,,,,,https://standings.stalruth.dev/2024/regional-goi%C3%A2nia/masters/102,https://pokepast.es/871bc8acb955cde1,5,2
regional-goiânia,Oficial,Luiz Lima,BR,Raging Bolt,Assault Vest,Protosynthesis,Electric,- Thunderclap,Dragon Pulse,Electroweb,Snarl,Ogerpon-Hearthflame,Hearthflame Mask,Mold Breaker,Fire,- Ivy Cudgel,Wood Hammer,Follow Me,Spiky Shield,Landorus, Life Orb,Sheer Force,Steel,Earth Power,Sludge Bomb,Substitute,Protect,Urshifu, Focus Sash,Unseen Fist,Dark,Wicked Blow,Close Combat,Sucker Punch,Detect,Flutter Mane, Booster Energy,Protosynthesis,Fairy,Moonblast,Icy Wind,Taunt,Protect,Rillaboom,Miracle Seed,Grassy Surge,Steel,Grassy Glide,Wood Hammer,Fake Out,Protect,Lorenzo Jung ,Win,Renan Bernardo ,Win,David Assato ,Win,Sebastian Escalante ,Loss,Yan Sym ,Loss,Wellington Alcantara ,Win,Christian Rangel ,Win,,,,,,,https://standings.stalruth.dev/2024/regional-goi%C3%A2nia/masters/7,https://pokepast.es/45acfe49afc48086,5,2
regional-goiânia,Oficial,rainer arana,PE,Kingambit,Black Glasses,Defiant,Dragon,Kowtow Cleave,Sucker Punch,Swords Dance,Protect,Rillaboom, Assault Vest,Grassy Surge,Fire,Wood Hammer,Grassy Glide,Fake Out,High Horsepower,Incineroar, Sitrus Berry,Intimidate,Ghost,Flare Blitz,Fake Out,Will-O-Wisp,Parting Shot,Ogerpon-Wellspring,Wellspring Mask,Water Absorb,Water,- Ivy Cudgel,Horn Leech,Follow Me,Spiky Shield,Landorus, Life Orb,Sheer Force,Steel,Earth Power,Sludge Bomb,Substitute,Protect,Flutter Mane, Choice Specs,Protosynthesis,Fairy,Moonblast,Dazzling Gleam,Shadow Ball,Icy Wind,Guilherme Queiroz ,Loss,Bruno Silva ,Win,Sergio Igarashi ,Win,Gustavo Borges ,Win,DROP,DROP,Arthur Tavares ,Win,Thiago Lattanzi ,Win,,,,,,,https://standings.stalruth.dev/2024/regional-goi%C3%A2nia/masters/19,https://pokepast.es/38b0c6b64b1a457a,5,2
regional-goiânia,Oficial,Paul Ruiz,EC,Incineroar, Sitrus Berry,Intimidate,Ghost,Flare Blitz,Snarl,Parting Shot,Fake Out,Flutter Mane, Choice Specs,Protosynthesis,Fairy,Moonblast,Shadow Ball,Dazzling Gleam,Icy Wind,Ogerpon-Wellspring,Wellspring Mask,Water Absorb,Water,- Ivy Cudgel,Follow Me,Horn Leech,Spiky Shield,Landorus, Life Orb,Sheer Force,Steel,Earth Power,Sludge Bomb,Substitute,Protect,Kommo-o, Leftovers,Overcoat,Fire,Body Press,Iron Defense,Shadow Claw,Protect,Tornadus, Rocky Helmet,Prankster,Steel,Bleakwind Storm,Rain Dance,Scary Face,Tailwind,Maurício Rodrigues ,Win,Eduardo Oliveira ,Win,Sebastian Bisbal ,Loss,Maicon De Moraes Silveira ,Loss,Lorenzo Jung ,Win,Hugo Nascimento Vilela dos Santos ,Win,Omar Acuña Acevedo ,Win,,,,,,,https://standings.stalruth.dev/2024/regional-goi%C3%A2nia/masters/46,https://pokepast.es/a4f72186ef081f71,5,2
regional-goiânia,Oficial,Orlando Gomes Mariano,BR,Urshifu,,,Tera Type: ,Wicked Blow,Sucker Punch,Close Combat,Detect,Rillaboom, Assault Vest,Grassy Surge,Fire,Wood Hammer,Grassy Glide,High Horsepower,Fake Out,Tornadus, Focus Sash,Prankster,Steel,Bleakwind Storm,Tailwind,Sunny Day,Protect,Indeedee-F, Psychic Seed,Psychic Surge,Fairy,- Alluring Voice,Follow Me,Trick Room,Imprison,Heatran, Life Orb,Flash Fire,Fairy,Heat Wave,Flash Cannon,Earth Power,Protect,Regidrago,Dragon Fang,Dragon's Maw,Poison,Dragon Energy,Draco Meteor,Earth Power,Protect,Yan Sym ,Loss,Jessica Miranda de Freitas ,Win,Rafael Cassemiro Tezzotto ,Loss,Robson Hamilton Carréa Filho ,Win,cristhian andrade ,Win,Eduardo Alves dos Santos ,Win,Pedro Souza ,Win,,,,,,,https://standings.stalruth.dev/2024/regional-goi%C3%A2nia/masters/70,https://pokepast.es/f404fa76108c63b7,5,2
regional-goiânia,Oficial,Diego Sebastián Ortiz Sánchez,PE,Raging Bolt,Assault Vest,Protosynthesis,Fairy,Thunderbolt,Thunderclap,Snarl,Draco Meteor,Heatran, Life Orb,Flash Fire,Fairy,Heat Wave,Flash Cannon,Earth Power,Protect,Urshifu, Focus Sash,Unseen Fist,Dark,Wicked Blow,Sucker Punch,Close Combat,Detect,Flutter Mane, Booster Energy,Protosynthesis,Fairy,Icy Wind,Moonblast,Taunt,Protect,Ogerpon-Wellspring,Wellspring Mask,Water Absorb,Water,- Ivy Cudgel,Horn Leech,Follow Me,Spiky Shield,Landorus-Therian, Clear Amulet,Intimidate,Flying,Stomping Tantrum,Tera Blast,Rock Slide,Protect,Júlio Eller ,Win,Pedro Soares Fialdini ,Loss,Eduardo Alves dos Santos ,Loss,Raphael Ferreira Barbosa ,Win,Enzo Mosso Carneiro ,Win,Maicon De Moraes Silveira ,Win,Dorian Quiñonez ,Win,,,,,,,https://standings.stalruth.dev/2024/regional-goi%C3%A2nia/masters/10,https://pokepast.es/850b9633d0168ecd,5,2
regional-goiânia,Oficial,Arthur Katz,BR,Gouging Fire,Booster Energy,Protosynthesis,Fairy,Heat Crash,Breaking Swipe,Howl,Burning Bulwark,Kingambit,Black Glasses,Defiant,Dragon,Kowtow Cleave,Sucker Punch,Iron Head,Protect,Amoonguss, Sitrus Berry,Regenerator,Water,Spore,Pollen Puff,Clear Smog,Rage Powder,Chien-Pao, Focus Sash,Sword of Ruin,Ghost,Sucker Punch,Sacred Sword,Protect,Ice Spinner,Dragonite, Assault Vest,Inner Focus,Normal,Extreme Speed,Thunder Punch,Stomping Tantrum,Aerial Ace,Ogerpon-Wellspring,Wellspring Mask,Water Absorb,Water,- Ivy Cudgel,Horn Leech,Follow Me,Spiky Shield,Victor Lopes ,Win,Dorian Quiñonez ,Win,Thiago Lattanzi ,Win,Gabriel Agati ,Loss,Dylan Torres ,Loss,Pedro Henrique Soares Feitosa ,Loss,Jessica Miranda de Freitas ,Win,,,,,,,https://standings.stalruth.dev/2024/regional-goi%C3%A2nia/masters/52,https://pokepast.es/bebad8930b6bb783,4,3
regional-goiânia,Oficial,Daniel Vieira,BR,Flutter Mane, Choice Specs,Protosynthesis,Fairy,Dazzling Gleam,Moonblast,Shadow Ball,Icy Wind,Tornadus, Rocky Helmet,Prankster,Ghost,Bleakwind Storm,Taunt,Tailwind,Protect,Glimmora, Power Herb,Toxic Debris,Grass,Meteor Beam,Sludge Bomb,Earth Power,Spiky Shield,Entei, Assault Vest,Inner Focus,Grass,Sacred Fire,Extreme Speed,Snarl,Stomping Tantrum,Urshifu, Focus Sash,Unseen Fist,Dark,Wicked Blow,Close Combat,Sucker Punch,Detect,Ogerpon-Wellspring,Wellspring Mask,Water Absorb,Water,- Ivy Cudgel,Horn Leech,Follow Me,Spiky Shield,Davi Guimaraes ,Win,VINICIUS FEITOSA ,Win,Sebastian Escalante ,Loss,Yan Sym ,Win,Caio Romanini ,Loss,Rafael Cassemiro Tezzotto ,Win,Victor Rachik ,Loss,,,,,,,https://standings.stalruth.dev/2024/regional-goi%C3%A2nia/masters/60,https://pokepast.es/76e11e42f0ef5afa,4,3
regional-goiânia,Oficial,David Assato,BR,Articuno-Galar, Safety Goggles,Competitive,Ground,Hurricane,Expanding Force,Tera Blast,Trick Room,Arcanine-Hisui,Choice Band,Intimidate,Fairy,Rock Slide,Flare Blitz,Extreme Speed,Tera Blast,Roaring Moon, Booster Energy,Protosynthesis,Poison,Knock Off,Breaking Swipe,Tailwind,Protect,Indeedee-F, Rocky Helmet,Psychic Surge,Fairy,Dazzling Gleam,Follow Me,Helping Hand,Trick Room,Iron Hands, Assault Vest,Quark Drive,Water,Wild Charge,Close Combat,Fake Out,Heavy Slam,Ursaluna-Bloodmoon,Life Orb,Mind’s Eye,Normal,- Blood Moon,Hyper Voice,Earth Power,Protect,MARTIN JAQUES ,Win,Diego Gutierrez ,Win,Luiz Lima ,Loss,DROP,DROP,Rodolfo Martins ,Loss,nicolas del campo ,Win,ruan carvalho ,Win,,,,,,,https://standings.stalruth.dev/2024/regional-goi%C3%A2nia/masters/3,https://pokepast.es/df7d4482e0c445fb,4,3
regional-goiânia,Oficial,Christian Rangel,BR,Urshifu, Focus Sash,Unseen Fist,Dark,Close Combat,Wicked Blow,Sucker Punch,Protect,Flutter Mane, Booster Energy,Protosynthesis,Fairy,Moonblast,Icy Wind,Taunt,Protect,Raging Bolt,Assault Vest,Protosynthesis,Fairy,- Thunderclap,Electroweb,Dragon Pulse,Snarl,Incineroar, Sitrus Berry,Intimidate,Ghost,Flare Blitz,Fake Out,Will-O-Wisp,Parting Shot,Ogerpon-Wellspring,Wellspring Mask,Water Absorb,Water,Horn Leech,Ivy Cudgel,Follow Me,Spiky Shield,Landorus, Life Orb,Sheer Force,Steel,Earth Power,Sludge Bomb,Substitute,Protect,Murilo Camargo ,Win,Victor Rachik ,Loss,Victor Lopes ,Win,Pedro Soares ,Win,Carlos Alberto Agarie Junior ,Win,Pedro Henrique Rubini Cini ,Loss,Luiz Lima ,Loss,,,,,,,https://standings.stalruth.dev/2024/regional-goi%C3%A2nia/masters/35,https://pokepast.es/adfacc60c5a9a6e6,4,3
regional-goiânia,Oficial,Omar Acuña Acevedo,CL,Flutter Mane, Choice Specs,Protosynthesis,Fairy,Dazzling Gleam,Shadow Ball,Moonblast,Power Gem,Farigiraf, Sitrus Berry,Armor Tail,Fire,Hyper Voice,Helping Hand,Protect,Trick Room,Ogerpon-Cornerstone,Cornerstone Mask,Sturdy,Rock,- Ivy Cudgel,U-turn,Power Whip,Follow Me,Walking Wake,Life Orb,Protosynthesis,Fire,- Hydro Steam,Draco Meteor,Protect,Flamethrower,Torkoal,Flame Plate,Drought,Fire,Heat Wave,Eruption,Helping Hand,Protect,Incineroar, Assault Vest,Intimidate,Ghost,Flare Blitz,Knock Off,Fake Out,U-turn,Rodolfo Martins ,Loss,Allan Gabriel ,Win,Leandro Santos ,Win,Enzo Mosso Carneiro ,Win,Igor Fagundes ,Win,Diego Gutierrez ,Loss,Paul Ruiz ,Loss,,,,,,,https://standings.stalruth.dev/2024/regional-goi%C3%A2nia/masters/98,https://pokepast.es/59dbdb520f7b6277,4,3
regional-goiânia,Oficial,Bruno Cotrim,BR,Landorus-Therian, Choice Band,Intimidate,Ghost,Rock Slide,U-turn,Stomping Tantrum,Earthquake,Tornadus, Rocky Helmet,Prankster,Steel,Bleakwind Storm,Protect,Scary Face,Tailwind,Urshifu, Focus Sash,Unseen Fist,Dark,Wicked Blow,Sucker Punch,Close Combat,Detect,Chi-Yu, Choice Specs,Beads of Ruin,Ghost,Heat Wave,Dark Pulse,Snarl,Overheat,Flutter Mane, Booster Energy,Protosynthesis,Fairy,Protect,Dazzling Gleam,Icy Wind,Taunt,Ogerpon-Wellspring,Wellspring Mask,Water Absorb,Water,- Ivy Cudgel,Horn Leech,Follow Me,Spiky Shield,JESSICA DA SILVA ,Win,Sebastian Escalante ,Loss,VINICIUS FEITOSA ,Win,javier ramirez ,Win,Diego Gutierrez ,Loss,Victor Lopes ,Win,Gustavo kengo ,Loss,,,,,,,https://standings.stalruth.dev/2024/regional-goi%C3%A2nia/masters/4,https://pokepast.es/c0a66f553d9910c1,4,3
regional-goiânia,Oficial,Carlos Alberto Agarie Junior,BR,Gouging Fire,Booster Energy,Protosynthesis,Fairy,Breaking Swipe,Heat Crash,Howl,Burning Bulwark,Kingambit,Black Glasses,Defiant,Fairy,Sucker Punch,Iron Head,Kowtow Cleave,Protect,Chien-Pao, Focus Sash,Sword of Ruin,Stellar,Icicle Crash,Sacred Sword,Sucker Punch,Protect,Ogerpon-Wellspring,Wellspring Mask,Water Absorb,Water,- Ivy Cudgel,Horn Leech,Follow Me,Spiky Shield,Rillaboom, Assault Vest,Grassy Surge,Fire,Wood Hammer,Grassy Glide,High Horsepower,Fake Out,Flutter Mane, Choice Specs,Protosynthesis,Fairy,Moonblast,Shadow Ball,Dazzling Gleam,Perish Song,Victor Rachik ,Loss,Rafael Cassemiro Tezzotto ,Win,Guilherme Queiroz ,Win,Ayrton Costa ,Win,Christian Rangel ,Loss,Dorian Quiñonez ,Loss,Victor Lopes ,Win,,,,,,,https://standings.stalruth.dev/2024/regional-goi%C3%A2nia/masters/27,https://pokepast.es/ccdfd0ed0728982a,4,3
regional-goiânia,Oficial,Thiago Lattanzi,BR,Urshifu-Rapid-Strike,Mystic Water,Unseen Fist,Grass,Close Combat,Surging Strikes,Aqua Jet,Protect,Landorus, Life Orb,Sheer Force,Grass,Earth Power,Sandsear Storm,Sludge Bomb,Protect,Chien-Pao, Focus Sash,Sword of Ruin,Ghost,Ice Spinner,Sucker Punch,Sacred Sword,Protect,Ogerpon-Cornerstone,Cornerstone Mask,Sturdy,Rock,- Ivy Cudgel,Wood Hammer,Follow Me,Spiky Shield,Tornadus, Covert Cloak,Prankster,Steel,Bleakwind Storm,Scary Face,Rain Dance,Tailwind,Flutter Mane, Booster Energy,Protosynthesis,Fairy,Dazzling Gleam,Shadow Ball,Taunt,Protect,FABIANO RAMOS ,Win,Romulo Ramiro da Silva Oliveira ,Win,Arthur Katz ,Loss,juan salerno ,Win,VINICIUS JUNQUEIRA ,Win,Caio Romanini ,Loss,rainer arana ,Loss,,,,,,,https://standings.stalruth.dev/2024/regional-goi%C3%A2nia/masters/96,https://pokepast.es/69eacb7d1e903219,4,3
regional-goiânia,Oficial,Hugo Nascimento Vilela dos Santos,BR,Amoonguss, Sitrus Berry,Regenerator,Water,Pollen Puff,Spore,Rage Powder,Clear Smog,Kingambit, Safety Goggles,Defiant,Dark,Kowtow Cleave,Swords Dance,Sucker Punch,Protect,Incineroar, Assault Vest,Intimidate,Ghost,Flare Blitz,Fake Out,Knock Off,U-turn,Urshifu-Rapid-Strike, Choice Scarf,Unseen Fist,Steel,Surging Strikes,Close Combat,Aqua Jet,U-turn,Tornadus, Covert Cloak,Prankster,Steel,Bleakwind Storm,Taunt,Tailwind,Rain Dance,Flutter Mane, Choice Specs,Protosynthesis,Fairy,Moonblast,Shadow Ball,Dazzling Gleam,Icy Wind,Gabriel Agati ,Loss,Pedro Soares ,Loss,Felipe Nahum ,Win,MARTIN JAQUES ,Win,Mateus Kuniyosi ,Win,Paul Ruiz ,Loss,Murilo Vieira Santa Barbara ,Win,,,,,,,https://standings.stalruth.dev/2024/regional-goi%C3%A2nia/masters/9,https://pokepast.es/7b340cda79e708ab,4,3
regional-goiânia,Oficial,Fábio Lima,BR,Incineroar, Safety Goggles,Intimidate,Ghost,Flare Blitz,Knock Off,Parting Shot,Fake Out,Urshifu-Rapid-Strike,Mystic Water,Unseen Fist,Steel,Surging Strikes,Close Combat,Aqua Jet,Detect,Landorus, Life Orb,Sheer Force,Poison,Earth Power,Sludge Bomb,Substitute,Protect,Chien-Pao, Focus Sash,Sword of Ruin,Ghost,Icicle Crash,Sacred Sword,Sucker Punch,Protect,Rillaboom, Assault Vest,Grassy Surge,Fire,Wood Hammer,Grassy Glide,High Horsepower,Fake Out,Raging Bolt,Leftovers,Protosynthesis,Fairy,Dragon Pulse,Thunderclap,Calm Mind,Protect,Felipe Nahum ,Win,ruan carvalho ,Loss,Renan Bernardo ,Win,Mateus Kuniyosi ,Win,Gustavo kengo ,Win,Sebastian Escalante ,Loss,Renzo Navarro ,Loss,,,,,,,https://standings.stalruth.dev/2024/regional-goi%C3%A2nia/masters/80,https://pokepast.es/46362ba72ae23406,4,3
regional-goiânia,Oficial,javier ramirez,CL,Ninetales-Alola, Light Clay,Snow Warning,Fire,Helping Hand,Aurora Veil,Blizzard,Moonblast,Ogerpon-Wellspring,Wellspring Mask,Water Absorb,Water,- Ivy Cudgel,Spiky Shield,Follow Me,Horn Leech,Raging Bolt,Assault Vest,Protosynthesis,Fairy,- Thunderclap,Electroweb,Snarl,Dragon Pulse,Arcanine-Hisui,Choice Band,Intimidate,Normal,Flare Blitz,Rock Slide,Extreme Speed,Psychic Fangs,Landorus, Life Orb,Sheer Force,Poison,Earth Power,Sludge Bomb,Protect,Taunt,Articuno, Choice Specs,Snow Cloak,Ice,Sheer Cold,Blizzard,Ice Beam,Freeze-Dry,Sebastian Escalante ,Loss,Guilherme Carvalho ,Win,Dorian Quiñonez ,Win,Bruno Cotrim ,Loss,juan salerno ,Win,Romulo Ramiro da Silva Oliveira ,Loss,Maicon De Moraes Silveira ,Win,,,,,,,https://standings.stalruth.dev/2024/regional-goi%C3%A2nia/masters/37,https://pokepast.es/3c85c3182211e84f,4,3
regional-goiânia,Oficial,Guilherme Queiroz,BR,Urshifu, Focus Sash,Unseen Fist,Dark,Close Combat,Wicked Blow,Sucker Punch,Protect,Gholdengo, Leftovers,Good as Gold,Fairy,Make It Rain,Shadow Ball,Nasty Plot,Protect,Ogerpon-Wellspring,Wellspring Mask,Water Absorb,Water,- Ivy Cudgel,Horn Leech,Follow Me,Spiky Shield,Raging Bolt,Assault Vest,Protosynthesis,Fairy,Electroweb,Thunderclap,Draco Meteor,Snarl,Incineroar, Sitrus Berry,Intimidate,Flying,Fake Out,Flare Blitz,Helping Hand,Parting Shot,Flutter Mane, Booster Energy,Protosynthesis,Fairy,Dazzling Gleam,Taunt,Icy Wind,Protect,rainer arana ,Win,Pedro Henrique Rubini Cini ,Loss,Carlos Alberto Agarie Junior ,Loss,Bruno Silva ,Win,Eduardo Oliveira ,Win,Sergio Igarashi ,Win,Igor Fagundes ,Loss,,,,,,,https://standings.stalruth.dev/2024/regional-goi%C3%A2nia/masters/18,https://pokepast.es/60085157c301b7ce,4,3
regional-goiânia,Oficial,BRUNO PIONTE,BR,Archaludon,Assault Vest,Stamina,Grass,Body Press,Heavy Slam,Dragon Pulse,Electro Shot,Amoonguss, Sitrus Berry,Regenerator,Steel,Spore,Rage Powder,Pollen Puff,Protect,Pelipper, Focus Sash,Drizzle,Ghost,Hurricane,Weather Ball,Tailwind,Protect,Flutter Mane, Booster Energy,Protosynthesis,Fairy,Thunder Wave,Moonblast,Icy Wind,Protect,Urshifu-Rapid-Strike, Choice Scarf,Unseen Fist,Steel,Surging Strikes,Close Combat,Aqua Jet,U-turn,Landorus, Life Orb,Sheer Force,Poison,Earth Power,Sludge Bomb,Substitute,Protect,Pedro Henrique Rubini Cini ,Loss,Raphael Ferreira Barbosa ,Win,VITOR HUGO DE OLIVEIRA TELES ,Win,Pedro Souza ,Win,Maicon De Moraes Silveira ,Win,Yan Sym ,Loss,Pedro Henrique Soares Feitosa ,Loss,,,,,,,https://standings.stalruth.dev/2024/regional-goi%C3%A2nia/masters/54,https://pokepast.es/ca25fa3c21bb5cfe,4,3
regional-goiânia,Oficial,Rafael Cassemiro Tezzotto,BR,Tornadus, Covert Cloak,Prankster,Steel,Bleakwind Storm,Tailwind,Taunt,Scary Face,Ursaluna-Bloodmoon,Life Orb,Mind’s Eye,Normal,Hyper Voice,Blood Moon,Earth Power,Protect,Urshifu, Focus Sash,Unseen Fist,Dark,Wicked Blow,Close Combat,Sucker Punch,Detect,Chi-Yu, Choice Specs,Beads of Ruin,Ghost,Heat Wave,Dark Pulse,Snarl,Overheat,Farigiraf, Sitrus Berry,Armor Tail,Fairy,Psychic,Dazzling Gleam,Helping Hand,Trick Room,Ogerpon-Wellspring,Wellspring Mask,Water Absorb,Water,- Ivy Cudgel,Wood Hammer,Follow Me,Spiky Shield,Sebastian Bisbal ,Loss,Carlos Alberto Agarie Junior ,Loss,Orlando Gomes Mariano ,Win,Renan Bernardo ,Win,nicolas del campo ,Win,Daniel Vieira ,Loss,João Castro ,Win,,,,,,,https://standings.stalruth.dev/2024/regional-goi%C3%A2nia/masters/69,https://pokepast.es/eef23e29b0b6f922,4,3
regional-goiânia,Oficial,Pedro Souza,BR,Ogerpon-Wellspring,Wellspring Mask,Water Absorb,Water,- Ivy Cudgel,Horn Leech,Follow Me,Spiky Shield,Tinkaton, Assault Vest,Own Tempo,Fairy,Gigaton Hammer,Play Rough,Brick Break,Fake Out,Rotom-Heat, Life Orb,Levitate,Electric,Overheat,Volt Switch,Will-O-Wisp,Protect,Indeedee, Psychic Seed,Psychic Surge,Fairy,Expanding Force,Tera Blast,Trick Room,Protect,Tornadus, Covert Cloak,Prankster,Steel,Bleakwind Storm,Rain Dance,Tailwind,Protect,Urshifu, Choice Band,Unseen Fist,Poison,Wicked Blow,Close Combat,Poison Jab,U-turn,Telmo Alves Lima Junior ,Win,Pedro Henrique Soares Feitosa ,Loss,Robson Hamilton Carréa Filho ,Win,BRUNO PIONTE ,Loss,Davi Guimaraes ,Win,Ayrton Costa ,Win,Orlando Gomes Mariano ,Loss,,,,,,,https://standings.stalruth.dev/2024/regional-goi%C3%A2nia/masters/84,https://pokepast.es/07d86ef380bfd800,4,3
regional-goiânia,Oficial,Dorian Quiñonez,PE,Raging Bolt,Assault Vest,Protosynthesis,Fairy,- Thunderclap,Snarl,Thunderbolt,Draco Meteor,Ogerpon-Wellspring,Wellspring Mask,Water Absorb,Water,- Ivy Cudgel,Horn Leech,Follow Me,Spiky Shield,Incineroar, Sitrus Berry,Intimidate,Ghost,Flare Blitz,Will-O-Wisp,Parting Shot,Fake Out,Urshifu, Focus Sash,Unseen Fist,Dark,Wicked Blow,Close Combat,Sucker Punch,Detect,Flutter Mane, Booster Energy,Protosynthesis,Fairy,Moonblast,Icy Wind,Taunt,Protect,Landorus, Life Orb,Sheer Force,Steel,Earth Power,Sludge Bomb,Sandsear Storm,Protect,VINICIUS JUNQUEIRA ,Win,Arthur Katz ,Loss,javier ramirez ,Loss,Júlio Eller ,Win,Lorenzo Tonetti ,Win,Carlos Alberto Agarie Junior ,Win,Diego Sebastián Ortiz Sánchez ,Loss,,,,,,,https://standings.stalruth.dev/2024/regional-goi%C3%A2nia/masters/92,https://pokepast.es/9a22fe789e94cff8,4,3
regional-goiânia,Oficial,VINICIUS JUNQUEIRA,BR,Chi-Yu, Choice Specs,Beads of Ruin,Grass,Heat Wave,Dark Pulse,Tera Blast,Snarl,Incineroar, Assault Vest,Intimidate,Ghost,U-turn,Flare Blitz,Knock Off,Fake Out,Flutter Mane, Booster Energy,Protosynthesis,Fairy,Protect,Moonblast,Dazzling Gleam,Icy Wind,Amoonguss, Rocky Helmet,Regenerator,Water,Protect,Pollen Puff,Rage Powder,Spore,Ursaluna-Bloodmoon,Life Orb,Mind’s Eye,Normal,- Blood Moon,Earth Power,Protect,Hyper Voice,Farigiraf, Sitrus Berry,Armor Tail,Fairy,Trick Room,Helping Hand,Dazzling Gleam,Psychic,Dorian Quiñonez ,Loss,Marcel Silva Araujo ,Win,Raul Gioielli ,Win,cristhian andrade ,Win,Thiago Lattanzi ,Loss,Gustavo kengo ,Loss,Wellington Alcantara ,Win,,,,,,,https://standings.stalruth.dev/2024/regional-goi%C3%A2nia/masters/93,https://pokepast.es/c122c39043a6e0d9,4,3
regional-goiânia,Oficial,Arthur Tavares,BR,Flutter Mane, Booster Energy,Protosynthesis,Fairy,Moonblast,Dazzling Gleam,Icy Wind,Protect,Chien-Pao, Focus Sash,Sword of Ruin,Ghost,Icicle Crash,Sucker Punch,Sacred Fire,Protect,Ogerpon-Hearthflame,Hearthflame Mask,Mold Breaker,Fire,- Ivy Cudgel,Grassy Glide,Follow Me,Spiky Shield,Rillaboom, Assault Vest,Grassy Surge,Fire,Fake Out,Wood Hammer,Grassy Glide,High Horsepower,Raging Bolt,Safety Goggles,Protosynthesis,Fairy,Thunderbolt,Thunderclap,Dragon Pulse,Protect,Urshifu-Rapid-Strike, Choice Scarf,Unseen Fist,Water,Surging Strikes,Aqua Jet,Close Combat,U-turn,Felipe Pinheiro de Souza ,Loss,Maurício Rodrigues ,Win,Wellington Alcantara ,Win,Victor Rachik ,Loss,Thiago Prates ,Win,rainer arana ,Loss,Eduardo Alves dos Santos ,Win,,,,,,,https://standings.stalruth.dev/2024/regional-goi%C3%A2nia/masters/12,https://pokepast.es/729047560e1874ec,4,3
regional-goiânia,Oficial,Romulo Ramiro da Silva Oliveira,BR,Glimmora, Power Herb,Toxic Debris,Grass,Meteor Beam,Earth Power,Sludge Bomb,Spiky Shield,Urshifu, Focus Sash,Unseen Fist,Dark,Wicked Blow,Detect,Close Combat,Sucker Punch,Flutter Mane, Booster Energy,Protosynthesis,Fairy,Moonblast,Dazzling Gleam,Protect,Icy Wind,Tornadus, Rocky Helmet,Prankster,Steel,Taunt,Tailwind,Bleakwind Storm,Protect,Chi-Yu, Choice Specs,Beads of Ruin,Ghost,Heat Wave,Overheat,Dark Pulse,Snarl,Ogerpon-Wellspring,Wellspring Mask,Water Absorb,Water,- Ivy Cudgel,Follow Me,Spiky Shield,Horn Leech,Rodrigo Pereira ,Win,Thiago Lattanzi ,Loss,Anderson S Cunha ,Win,Thiago Prates ,Win,Claudio Kamoda ,Loss,javier ramirez ,Win,Rodolfo Martins ,Loss,,,,,,,https://standings.stalruth.dev/2024/regional-goi%C3%A2nia/masters/49,https://pokepast.es/8e40cfe5c2812687,4,3
regional-goiânia,Oficial,Felipe Pinheiro de Souza,BR,Chi-Yu, Focus Sash,Beads of Ruin,Ghost,Dark Pulse,Heat Wave,Snarl,Protect,Torkoal, Assault Vest,Drought,Grass,Flamethrower,Clear Smog,Body Press,Gyro Ball,Raging Bolt,Leftovers,Protosynthesis,Fairy,Thunderbolt,Dragon Pulse,Thunderclap,Calm Mind,Ogerpon-Hearthflame,Hearthflame Mask,Mold Breaker,Fire,- Ivy Cudgel,Horn Leech,Follow Me,Spiky Shield,Venusaur, Life Orb,Chlorophyll,Ground,Giga Drain,Sludge Bomb,Earth Power,Protect,Flutter Mane, Choice Specs,Protosynthesis,Fairy,Moonblast,Shadow Ball,Dazzling Gleam,Power Gem,Arthur Tavares ,Win,Mateus Kuniyosi ,Loss,Ayrton Costa ,Loss,Carlos Rodrigues muniz ,Win,Gustavo Borges ,Win,Claudio Kamoda ,Loss,cristhian andrade ,Win,,,,,,,https://standings.stalruth.dev/2024/regional-goi%C3%A2nia/masters/13,https://pokepast.es/b39714307835ddd1,4,3
regional-goiânia,Oficial,Ayrton Costa,BR,Tornadus, Focus Sash,Prankster,Ghost,Rain Dance,Tailwind,Protect,Bleakwind Storm,Flutter Mane, Choice Specs,Protosynthesis,Fairy,Dazzling Gleam,Shadow Ball,Moonblast,Icy Wind,Gouging Fire,Booster Energy,Protosynthesis,Grass,- Burning Bulwark,Breaking Swipe,Heat Crash,Howl,Farigiraf, Rocky Helmet,Armor Tail,Fairy,Dazzling Gleam,Trick Room,Psychic,Protect,Kingambit, Assault Vest,Defiant,Fairy,Kowtow Cleave,Sucker Punch,Iron Head,Tera Blast,Rillaboom,Miracle Seed,Grassy Surge,Grass,Wood Hammer,Grassy Glide,Fake Out,Protect,Thiago Prates ,Loss,Lucas Velasco ,Win,Felipe Pinheiro de Souza ,Win,Carlos Alberto Agarie Junior ,Loss,Allan Gabriel ,Win,Pedro Souza ,Loss,Davi Guimaraes ,Win,,,,,,,https://standings.stalruth.dev/2024/regional-goi%C3%A2nia/masters/90,https://pokepast.es/edba535517b7aff9,4,3
regional-goiânia,Oficial,Pedro Soares,BR,Entei, Assault Vest,Inner Focus,Normal,Sacred Fire,Extreme Speed,Stomping Tantrum,Snarl,Chien-Pao, Focus Sash,Sword of Ruin,Ghost,Ice Spinner,Sucker Punch,Sacred Sword,Protect,Tatsugiri, Choice Scarf,Commander,Steel,Muddy Water,Icy Wind,Dragon Pulse,Draco Meteor,Dondozo, Leftovers,Unaware,Grass,Wave Crash,Order Up,Earthquake,Protect,Glimmora, Power Herb,Toxic Debris,Water,Meteor Beam,Sludge Bomb,Earth Power,Spiky Shield,Flutter Mane, Booster Energy,Protosynthesis,Fairy,Dazzling Gleam,Shadow Ball,Icy Wind,Protect,Victor Vieira ,Loss,Hugo Nascimento Vilela dos Santos ,Win,Fábio Souza ,Win,Christian Rangel ,Loss,Eduardo Alves dos Santos ,Loss,Carlos Rodrigues muniz ,Win,Lorenzo Jung ,Win,,,,,,,https://standings.stalruth.dev/2024/regional-goi%C3%A2nia/masters/67,https://pokepast.es/05ed50c72c36b4a2,4,3
regional-goiânia,Oficial,juan salerno,AR,Dondozo, Leftovers,Oblivious,Fire,Wave Crash,Heavy Slam,Yawn,Protect,Ting-Lu, Rocky Helmet,Vessel of Ruin,Fairy,Sand Tomb,Ruination,Body Press,Taunt,Gouging Fire,Booster Energy,Protosynthesis,Grass,- Burning Bulwark,Howl,Heat Crash,Breaking Swipe,Ogerpon,Covert Cloak,Defiant,Grass,- Ivy Cudgel,Knock Off,Superpower,Spiky Shield,Chien-Pao, Focus Sash,Sword of Ruin,Stellar,Icicle Crash,Protect,Sucker Punch,Sacred Sword,Dragonite, Assault Vest,Inner Focus,Fairy,Extreme Speed,Aerial Ace,Stomping Tantrum,Low Kick,Pedro Melo da Silva ,Win,Maicon De Moraes Silveira ,Loss,Gustavo Gomes ,Win,Thiago Lattanzi ,Loss,javier ramirez ,Loss,Marcel Silva Araujo ,Win,MARTIN JAQUES ,Win,,,,,,,https://standings.stalruth.dev/2024/regional-goi%C3%A2nia/masters/17,https://pokepast.es/df96422b3f42a9a9,4,3
regional-goiânia,Oficial,Daniel Rocha,BR,Tornadus, Rocky Helmet,Prankster,Steel,Bleakwind Storm,Taunt,Tailwind,Protect,Gholdengo,Metal Coat,Good as Gold,Steel,Shadow Ball,Make It Rain,Nasty Plot,Protect,Landorus-Therian, Choice Band,Intimidate,Fairy,Stomping Tantrum,Rock Slide,Earthquake,U-turn,Ogerpon-Wellspring,Wellspring Mask,Water Absorb,Water,- Ivy Cudgel,Horn Leech,Follow Me,Spiky Shield,Urshifu, Focus Sash,Unseen Fist,Dark,Wicked Blow,Close Combat,Sucker Punch,Protect,Raging Bolt,Assault Vest,Protosynthesis,Fairy,- Thunderclap,Draco Meteor,Electroweb,Volt Switch,Lorenzo Tonetti ,Loss,Victor Lopes ,Loss,Orleani Ramos ,Win,Fábio Souza ,Win,Gustavo Gomes ,Win,Igor Fagundes ,Loss,Sergio Igarashi ,Win,,,,,,,https://standings.stalruth.dev/2024/regional-goi%C3%A2nia/masters/15,https://pokepast.es/ec457d2ab63f0ea5,4,3
regional-goiânia,Oficial,Gustavo Gomes,BR,Tornadus, Mental Herb,Prankster,Ghost,Bleakwind Storm,Rain Dance,Tailwind,Protect,Archaludon,Assault Vest,Stamina,Fairy,Flash Cannon,Breaking Swipe,Body Press,Electro Shot,Typhlosion-Hisui,Choice Specs,Blaze,Fire,Eruption,Heat Wave,Overheat,Infernal Parade,Sneasler, Focus Sash,Poison Touch,Ghost,Dire Claw,Taunt,Quick Guard,Fake Out,Landorus, Life Orb,Sheer Force,Poison,Sandsear Storm,Earth Power,Sludge Wave,Protect,Urshifu-Rapid-Strike, Choice Scarf,Unseen Fist,Water,Surging Strikes,Close Combat,U-turn,Aqua Jet,ruan carvalho ,Loss,Rodrigo Pereira ,Win,juan salerno ,Loss,Marcel Silva Araujo ,Win,Daniel Rocha ,Loss,Philip Puertas ,Win,Allan Gabriel ,Win,,,,,,,https://standings.stalruth.dev/2024/regional-goi%C3%A2nia/masters/88,https://pokepast.es/1dc6044d832faf0c,4,3
regional-goiânia,Oficial,Raul Gioielli,BR,Farigiraf, Throat Spray,Armor Tail,Fairy,Protect,Psychic,Hyper Voice,Trick Room,Rillaboom, Assault Vest,Grassy Surge,Poison,Fake Out,Wood Hammer,U-turn,Grassy Glide,Flutter Mane, Booster Energy,Protosynthesis,Grass,Protect,Shadow Ball,Moonblast,Calm Mind,Urshifu-Rapid-Strike, Choice Scarf,Unseen Fist,Water,Surging Strikes,Close Combat,Aqua Jet,U-turn,Incineroar, Safety Goggles,Intimidate,Ghost,Fake Out,Knock Off,Flare Blitz,Parting Shot,Ogerpon-Hearthflame,Hearthflame Mask,Mold Breaker,Fire,Spiky Shield,Ivy Cudgel,Swords Dance,Grassy Glide,Beybi Tomasini Huiman Gonzales ,Win,Murilo Vieira Santa Barbara ,Loss,VINICIUS JUNQUEIRA ,Loss,Guilherme Carvalho ,Win,Victor Lopes ,Loss,Murilo Camargo ,Win,Leandro Santos ,Win,,,,,,,https://standings.stalruth.dev/2024/regional-goi%C3%A2nia/masters/20,https://pokepast.es/c1624be73d8b6ba6,4,3
regional-goiânia,Oficial,Eduardo Alves dos Santos,BR,Chi-Yu, Choice Specs,Beads of Ruin,Ghost,Heat Wave,Dark Pulse,Snarl,Overheat,Tornadus, Rocky Helmet,Prankster,Steel,Bleakwind Storm,Tailwind,Sunny Day,Protect,Urshifu, Focus Sash,Unseen Fist,Dark,Close Combat,Wicked Blow,Sucker Punch,Protect,Flutter Mane, Booster Energy,Protosynthesis,Fairy,Moonblast,Dazzling Gleam,Icy Wind,Protect,Glimmora, Power Herb,Toxic Debris,Grass,Meteor Beam,Sludge Bomb,Earth Power,Spiky Shield,Ogerpon-Wellspring,Wellspring Mask,Water Absorb,Water,- Ivy Cudgel,Horn Leech,Follow Me,Spiky Shield,Rodrigo Vieira ,Win,Gustavo kengo ,Loss,Diego Sebastián Ortiz Sánchez ,Win,Igor Fagundes ,Loss,Pedro Soares ,Win,Orlando Gomes Mariano ,Loss,Arthur Tavares ,Loss,,,,,,,https://standings.stalruth.dev/2024/regional-goi%C3%A2nia/masters/101,https://pokepast.es/3b0486a37b03938b,3,4
regional-goiânia,Oficial,ruan carvalho,BR,Oranguru, Safety Goggles,Inner Focus,Fire,Trick Room,Knock Off,Instruct,Encore,Kingambit, Assault Vest,Defiant,Dragon,Kowtow Cleave,Iron Head,Sucker Punch,Low Kick,Ursaluna-Bloodmoon,Throat Spray,Mind’s Eye,Normal,- Blood Moon,Earth Power,Hyper Voice,Protect,Farigiraf, Sitrus Berry,Armor Tail,Fairy,Protect,Hyper Voice,Trick Room,Psychic,Ogerpon-Hearthflame,Hearthflame Mask,Mold Breaker,Fire,Wood Hammer,Ivy Cudgel,Spiky Shield,Follow Me,Enamorus-Therian, Choice Specs,Overcoat,Fairy,Moonblast,Mystical Fire,Earth Power,Dazzling Gleam,Gustavo Gomes ,Win,Fábio Lima ,Win,Gabriel Agati ,Loss,Caio Romanini ,Loss,Wellington Alcantara ,Loss,Mateus Kuniyosi ,Win,David Assato ,Loss,,,,,,,https://standings.stalruth.dev/2024/regional-goi%C3%A2nia/masters/89,https://pokepast.es/17ea47b6f6185da4,3,4
regional-goiânia,Oficial,Maicon De Moraes Silveira,BR,Tatsugiri, Choice Scarf,Commander,Steel,Draco Meteor,Icy Wind,Muddy Water,Dragon Pulse,Chien-Pao, Focus Sash,Sword of Ruin,Ghost,Protect,Ice Spinner,Sacred Sword,Sucker Punch,Dondozo, Rocky Helmet,Unaware,Grass,Order Up,Earthquake,Wave Crash,Protect,Dragonite, Choice Band,Inner Focus,Normal,Aerial Ace,Outrage,Extreme Speed,Earthquake,Ogerpon,Covert Cloak,Defiant,Grass,- Ivy Cudgel,Follow Me,Spiky Shield,Superpower,Glimmora, Power Herb,Toxic Debris,Fairy,Meteor Beam,Sludge Bomb,Mortal Spin,Spiky Shield,Guilherme Carvalho ,Win,juan salerno ,Win,Victor Vieira ,Loss,Paul Ruiz ,Win,BRUNO PIONTE ,Loss,Diego Sebastián Ortiz Sánchez ,Loss,javier ramirez ,Loss,,,,,,,https://standings.stalruth.dev/2024/regional-goi%C3%A2nia/masters/87,https://pokepast.es/4ff86d066d9b4818,3,4
regional-goiânia,Oficial,Murilo Vieira Santa Barbara,BR,Tornadus, Covert Cloak,Prankster,Ghost,Bleakwind Storm,Taunt,Tailwind,Sunny Day,Glimmora, Power Herb,Toxic Debris,Grass,Sludge Bomb,Meteor Beam,Earth Power,Spiky Shield,Ogerpon-Wellspring,Wellspring Mask,Water Absorb,Water,- Ivy Cudgel,Horn Leech,Follow Me,Spiky Shield,Urshifu, Focus Sash,Unseen Fist,Dark,Wicked Blow,Sucker Punch,Close Combat,Protect,Flutter Mane, Booster Energy,Protosynthesis,Fairy,Dazzling Gleam,Moonblast,Icy Wind,Protect,Chi-Yu, Choice Specs,Beads of Ruin,Fire,Heat Wave,Overheat,Snarl,Dark Pulse,Leandro Santos ,Win,Raul Gioielli ,Win,Mateus Kuniyosi ,Win,Pedro Soares Fialdini ,Loss,Victor Rachik ,Loss,Rodolfo Martins ,Loss,Hugo Nascimento Vilela dos Santos ,Loss,,,,,,,https://standings.stalruth.dev/2024/regional-goi%C3%A2nia/masters/64,https://pokepast.es/4d1411bf9a63e991,3,4
regional-goiânia,Oficial,Victor Lopes,BR,Ogerpon-Wellspring,Wellspring Mask,Water Absorb,Water,- Ivy Cudgel,Horn Leech,Follow Me,Spiky Shield,Ursaluna-Bloodmoon,Life Orb,Mind’s Eye,Normal,Hyper Voice,Blood Moon,Earth Power,Protect,Farigiraf, Sitrus Berry,Armor Tail,Fairy,Psychic,Dazzling Gleam,Trick Room,Helping Hand,Flutter Mane, Booster Energy,Protosynthesis,Fairy,Moonblast,Dazzling Gleam,Icy Wind,Protect,Incineroar, Assault Vest,Intimidate,Grass,Flare Blitz,Knock Off,U-turn,Fake Out,Urshifu, Focus Sash,Unseen Fist,Dark,Wicked Blow,Sucker Punch,Close Combat,Detect,Arthur Katz ,Loss,Daniel Rocha ,Win,Christian Rangel ,Loss,Anderson S Cunha ,Win,Raul Gioielli ,Win,Bruno Cotrim ,Loss,Carlos Alberto Agarie Junior ,Loss,,,,,,,https://standings.stalruth.dev/2024/regional-goi%C3%A2nia/masters/53,https://pokepast.es/80310c244220b82c,3,4
regional-goiânia,Oficial,Lorenzo Jung,BR,Chien-Pao, Focus Sash,Sword of Ruin,Stellar,Sacred Sword,Sucker Punch,Protect,Icicle Crash,Ogerpon-Cornerstone,Cornerstone Mask,Sturdy,Rock,Wood Hammer,Ivy Cudgel,Follow Me,Spiky Shield,Indeedee-F, Rocky Helmet,Psychic Surge,Fairy,Dazzling Gleam,Helping Hand,Follow Me,Trick Room,Hatterene, Life Orb,Magic Bounce,Fire,Expanding Force,Dazzling Gleam,Protect,Trick Room,Gallade, Clear Amulet,Sharpness,Grass,Sacred Sword,Psycho Cut,Trick Room,Wide Guard,Torkoal, Choice Specs,Drought,Fire,Eruption,Weather Ball,Heat Wave,Earth Power,Luiz Lima ,Loss,JESSICA DA SILVA ,Win,Renzo Navarro ,Loss,Leandro Santos ,Win,Paul Ruiz ,Loss,Thiago Prates ,Win,Pedro Soares ,Loss,,,,,,,https://standings.stalruth.dev/2024/regional-goi%C3%A2nia/masters/6,https://pokepast.es/85752eade893bfc3,3,4
regional-goiânia,Oficial,Allan Gabriel,BR,Ogerpon-Wellspring,Wellspring Mask,Water Absorb,Water,Follow Me,Ivy Cudgel,Spiky Shield,Horn Leech,Rillaboom, Assault Vest,Grassy Surge,Fire,Fake Out,Grassy Glide,Wood Hammer,High Horsepower,Gouging Fire,Booster Energy,Protosynthesis,Fairy,Breaking Swipe,Heat Crash,Burning Bulwark,Howl,Flutter Mane, Choice Specs,Protosynthesis,Fairy,Moonblast,Shadow Ball,Dazzling Gleam,Perish Song,Kingambit,Dread Plate,Defiant,Dragon,Kowtow Cleave,Sucker Punch,Iron Head,Protect,Porygon2, Eviolite,Download,Poison,Tera Blast,Ice Beam,Recover,Trick Room,Gustavo kengo ,Loss,Omar Acuña Acevedo ,Loss,Lucas Velasco ,Win,Jessica Miranda de Freitas ,Win,Ayrton Costa ,Loss,Enzo Mosso Carneiro ,Win,Gustavo Gomes ,Loss,,,,,,,https://standings.stalruth.dev/2024/regional-goi%C3%A2nia/masters/45,https://pokepast.es/139075b6585294e6,3,4
regional-goiânia,Oficial,cristhian andrade,BR,Flutter Mane, Booster Energy,Protosynthesis,Grass,Icy Wind,Dazzling Gleam,Shadow Ball,Protect,Chi-Yu, Choice Specs,Beads of Ruin,Fire,Dark Pulse,Snarl,Heat Wave,Overheat,Farigiraf, Sitrus Berry,Armor Tail,Fairy,Psychic,Dazzling Gleam,Helping Hand,Trick Room,Ursaluna-Bloodmoon,Life Orb,Mind’s Eye,Normal,- Blood Moon,Earth Power,Protect,Hyper Voice,Ogerpon-Cornerstone,Cornerstone Mask,Sturdy,Rock,- Ivy Cudgel,Wood Hammer,Spiky Shield,Follow Me,Iron Hands, Clear Amulet,Quark Drive,Grass,Close Combat,Heavy Slam,Fake Out,Wild Charge,Pedro Henrique Soares Feitosa ,Loss,Orleani Ramos ,Win,MARTIN JAQUES ,Win,VINICIUS JUNQUEIRA ,Loss,Orlando Gomes Mariano ,Loss,Eduardo Oliveira ,Win,Felipe Pinheiro de Souza ,Loss,,,,,,,https://standings.stalruth.dev/2024/regional-goi%C3%A2nia/masters/25,https://pokepast.es/82ff082948d28dc5,3,4
regional-goiânia,Oficial,Jessica Miranda de Freitas,BR,Ogerpon-Wellspring,Wellspring Mask,Water Absorb,Water,- Ivy Cudgel,Horn Leech,Follow Me,Spiky Shield,Landorus, Life Orb,Sheer Force,Steel,Earth Power,Sludge Bomb,Substitute,Protect,Arcanine-Hisui,Choice Band,Intimidate,Ghost,Flare Blitz,Rock Slide,Head Smash,Extreme Speed,Articuno, Choice Specs,Snow Cloak,Ice,Blizzard,Ice Beam,Freeze-Dry,Sheer Cold,Ninetales-Alola, Light Clay,Snow Warning,Fire,Blizzard,Moonblast,Aurora Veil,Helping Hand,Raging Bolt,Assault Vest,Protosynthesis,Fairy,Electroweb,Draco Meteor,Thunderclap,Snarl,Dylan Torres ,Loss,Orlando Gomes Mariano ,Loss,Rodrigo Pereira ,Win,Allan Gabriel ,Loss,Anderson S Cunha ,Win,Gustavo Borges ,Win,Arthur Katz ,Loss,,,,,,,https://standings.stalruth.dev/2024/regional-goi%C3%A2nia/masters/63,https://pokepast.es/e12af39c2241731a,3,4
regional-goiânia,Oficial,João Castro,BR,Tornadus, Covert Cloak,Prankster,Steel,Bleakwind Storm,Tailwind,Sunny Day,Taunt,Farigiraf, Throat Spray,Armor Tail,Fire,Helping Hand,Trick Room,Hyper Voice,Psychic,Charizard, Choice Scarf,Solar Power,Ground,Air Slash,Heat Wave,Flamethrower,Scorching Sands,Flutter Mane, Choice Specs,Protosynthesis,Fairy,Dazzling Gleam,Shadow Ball,Moonblast,Perish Song,Rillaboom, Assault Vest,Grassy Surge,Fire,Wood Hammer,Fake Out,High Horsepower,Grassy Glide,Torkoal,Charcoal,Drought,Grass,Eruption,Body Press,Protect,Flamethrower,Diego Gutierrez ,Loss,Nicolas Fernandez ,Win,Caio Romanini ,Loss,Wellington Alcantara ,Loss,Robson Hamilton Carréa Filho ,Win,Lucas Velasco ,Win,Rafael Cassemiro Tezzotto ,Loss,,,,,,,https://standings.stalruth.dev/2024/regional-goi%C3%A2nia/masters/43,https://pokepast.es/e573177b0bfea83f,3,4
regional-goiânia,Oficial,Thiago Prates,BR,Pelipper, Rocky Helmet,Drizzle,Grass,Weather Ball,Hurricane,Wide Guard,Protect,Flutter Mane, Booster Energy,Protosynthesis,Fairy,Shadow Ball,Moonblast,Protect,Dazzling Gleam,Urshifu-Rapid-Strike, Choice Scarf,Unseen Fist,Water,Close Combat,Surging Strikes,Ice Spinner,U-turn,Archaludon,Assault Vest,Stamina,Grass,Flash Cannon,Dragon Pulse,Electro Shot,Body Press,Tornadus, Mental Herb,Prankster,Ghost,Bleakwind Storm,Rain Dance,Taunt,Tailwind,Baxcalibur, Clear Amulet,Thermal Exchange,Ground,Glaive Rush,Icicle Crash,Earthquake,Protect,Ayrton Costa ,Win,Rodolfo Martins ,Loss,Philip Puertas ,Win,Romulo Ramiro da Silva Oliveira ,Loss,Arthur Tavares ,Loss,Lorenzo Jung ,Loss,Carlos Rodrigues muniz ,Win,,,,,,,https://standings.stalruth.dev/2024/regional-goi%C3%A2nia/masters/91,https://pokepast.es/15a5d8d04b2b2724,3,4
regional-goiânia,Oficial,Sergio Igarashi,BR,Ogerpon-Wellspring,Wellspring Mask,Water Absorb,Water,- Ivy Cudgel,Horn Leech,Spiky Shield,Follow Me,Entei, Assault Vest,Inner Focus,Grass,Extreme Speed,Sacred Fire,Flare Blitz,Stomping Tantrum,Tornadus, Covert Cloak,Prankster,Steel,Bleakwind Storm,Rain Dance,Taunt,Tailwind,Landorus, Life Orb,Sheer Force,Poison,Sludge Bomb,Substitute,Protect,Sandsear Storm,Chien-Pao, Focus Sash,Sword of Ruin,Ghost,Ice Spinner,Crunch,Sucker Punch,Protect,Flutter Mane, Booster Energy,Protosynthesis,Fairy,Protect,Shadow Ball,Dazzling Gleam,Moonblast,Bruno Silva ,Win,Claudio Kamoda ,Loss,rainer arana ,Loss,FABIANO RAMOS ,Win,Murilo Camargo ,Win,Guilherme Queiroz ,Loss,Daniel Rocha ,Loss,,,,,,,https://standings.stalruth.dev/2024/regional-goi%C3%A2nia/masters/77,https://pokepast.es/3bb17be604d0c27f,3,4
regional-goiânia,Oficial,Mateus Kuniyosi,BR,Ogerpon-Hearthflame,Hearthflame Mask,Mold Breaker,Fire,- Ivy Cudgel,Grassy Glide,Swords Dance,Spiky Shield,Urshifu-Rapid-Strike, Choice Scarf,Unseen Fist,Water,Surging Strikes,Close Combat,U-turn,Aqua Jet,Farigiraf, Throat Spray,Armor Tail,Fairy,Hyper Voice,Psychic,Trick Room,Protect,Rillaboom, Assault Vest,Grassy Surge,Fire,Grassy Glide,Wood Hammer,Fake Out,U-turn,Landorus, Life Orb,Sheer Force,Poison,Earth Power,Sludge Bomb,Taunt,Protect,Flutter Mane, Booster Energy,Protosynthesis,Fairy,Shadow Ball,Moonblast,Protect,Icy Wind,Lucas Velasco ,Win,Felipe Pinheiro de Souza ,Win,Murilo Vieira Santa Barbara ,Loss,Fábio Lima ,Loss,Hugo Nascimento Vilela dos Santos ,Loss,ruan carvalho ,Loss,nicolas del campo ,Win,,,,,,,https://standings.stalruth.dev/2024/regional-goi%C3%A2nia/masters/28,https://pokepast.es/7dbf25f4d65c8b7b,3,4
regional-goiânia,Oficial,Wellington Alcantara,BR,Kingambit, Lum Berry,Defiant,Flying,Iron Head,Kowtow Cleave,Tera Blast,Protect,Dusclops, Eviolite,Pressure,Fairy,Night Shade,Will-O-Wisp,Leer,Trick Room,Flutter Mane, Booster Energy,Protosynthesis,Fairy,Dazzling Gleam,Moonblast,Shadow Ball,Protect,Spiritomb, Leftovers,Pressure,Poison,Snarl,Will-O-Wisp,Scary Face,Trick Room,Rillaboom, Assault Vest,Grassy Surge,Fire,Fake Out,Grassy Glide,U-turn,High Horsepower,Ogerpon-Hearthflame,Hearthflame Mask,Mold Breaker,Fire,Horn Leech,Ivy Cudgel,Stomping Tantrum,Spiky Shield,Renan Bernardo ,Loss,GUILHERME RECALDE ,Win,Arthur Tavares ,Loss,João Castro ,Win,ruan carvalho ,Win,Luiz Lima ,Loss,VINICIUS JUNQUEIRA ,Loss,,,,,,,https://standings.stalruth.dev/2024/regional-goi%C3%A2nia/masters/74,https://pokepast.es/d502f9e81952dbe4,3,4
regional-goiânia,Oficial,Felipe Nahum,BR,Ogerpon-Wellspring,Wellspring Mask,Water Absorb,Water,- Ivy Cudgel,Horn Leech,Follow Me,Spiky Shield,Chi-Yu, Assault Vest,Beads of Ruin,Fire,Overheat,Dark Pulse,Heat Wave,Tera Blast,Chien-Pao, Focus Sash,Sword of Ruin,Ice,Ice Spinner,Protect,Sucker Punch,Sacred Sword,Dragapult, Choice Band,Infiltrator,Ghost,Dragon Darts,U-turn,Tera Blast,Phantom Force,Ursaluna-Bloodmoon,Life Orb,Mind’s Eye,Normal,- Blood Moon,Earth Power,Hyper Voice,Protect,Farigiraf, Sitrus Berry,Armor Tail,Psychic,Psychic,Dazzling Gleam,Trick Room,Helping Hand,Fábio Lima ,Loss,DROP,DROP,Hugo Nascimento Vilela dos Santos ,Loss,Rodrigo Pereira ,Win,Leandro Santos ,Loss,Raphael Ferreira Barbosa ,Win,Pedro Melo da Silva ,Win,,,,,,,https://standings.stalruth.dev/2024/regional-goi%C3%A2nia/masters/81,https://pokepast.es/0a4a0702eb3eb118,3,4
regional-goiânia,Oficial,Davi Guimaraes,BR,Tornadus, Covert Cloak,Prankster,Ground,Bleakwind Storm,Rain Dance,Tailwind,Taunt,Dragonite, Choice Band,Inner Focus,Normal,Outrage,Stomping Tantrum,Extreme Speed,Aerial Ace,Amoonguss, Rocky Helmet,Regenerator,Water,Spore,Rage Powder,Pollen Puff,Clear Smog,Urshifu-Rapid-Strike, Choice Scarf,Unseen Fist,Water,Surging Strikes,Close Combat,Ice Spinner,U-turn,Ogerpon-Wellspring,Wellspring Mask,Water Absorb,Water,- Ivy Cudgel,Wood Hammer,Taunt,Follow Me,Flutter Mane, Choice Specs,Protosynthesis,Fairy,Dazzling Gleam,Shadow Ball,Moonblast,Power Gem,Daniel Vieira ,Loss,Murilo Camargo ,Win,Eduardo Oliveira ,Loss,Telmo Alves Lima Junior ,Win,Pedro Souza ,Loss,FABIANO RAMOS ,Win,Ayrton Costa ,Loss,,,,,,,https://standings.stalruth.dev/2024/regional-goi%C3%A2nia/masters/61,https://pokepast.es/9cf6ada9e95df32f,3,4
regional-goiânia,Oficial,MARTIN JAQUES,BR,Tornadus, Rocky Helmet,Prankster,Steel,Bleakwind Storm,Tailwind,Taunt,Protect,Iron Hands, Clear Amulet,Quark Drive,Fire,Close Combat,Wild Charge,Fake Out,Heavy Slam,Ogerpon-Hearthflame,Hearthflame Mask,Mold Breaker,Fire,- Ivy Cudgel,Wood Hammer,Spiky Shield,Stomping Tantrum,Farigiraf, Sitrus Berry,Armor Tail,Fire,Trick Room,Helping Hand,Dazzling Gleam,Psychic,Ursaluna-Bloodmoon,Life Orb,Mind’s Eye,Normal,- Blood Moon,Earth Power,Protect,Hyper Voice,Urshifu, Focus Sash,Unseen Fist,Stellar,Wicked Blow,Close Combat,Sucker Punch,Detect,David Assato ,Loss,Alina Bezerra ,Win,cristhian andrade ,Loss,Hugo Nascimento Vilela dos Santos ,Loss,Pedro Melo da Silva ,Win,Leandro Santos ,Win,juan salerno ,Loss,,,,,,,https://standings.stalruth.dev/2024/regional-goi%C3%A2nia/masters/2,https://pokepast.es/037f99f39b7a3f2e,3,4
regional-goiânia,Oficial,Murilo Camargo,BR,Ursaluna-Bloodmoon,Life Orb,Mind’s Eye,Normal,- Blood Moon,Earth Power,Hyper Voice,Protect,Farigiraf, Sitrus Berry,Armor Tail,Water,Psychic,Dazzling Gleam,Helping Hand,Trick Room,Ogerpon-Wellspring,Wellspring Mask,Water Absorb,Water,- Ivy Cudgel,Horn Leech,Follow Me,Spiky Shield,Incineroar, Assault Vest,Intimidate,Water,Flare Blitz,Knock Off,U-turn,Fake Out,Flutter Mane, Booster Energy,Protosynthesis,Fairy,Dazzling Gleam,Moonblast,Shadow Ball,Protect,Urshifu, Focus Sash,Unseen Fist,Dark,Wicked Blow,Close Combat,Sucker Punch,Detect,Christian Rangel ,Loss,Davi Guimaraes ,Loss,Rodrigo Vieira ,Win,VITOR HUGO DE OLIVEIRA TELES ,Win,Sergio Igarashi ,Loss,Raul Gioielli ,Loss,DROP,DROP,,,,,,,https://standings.stalruth.dev/2024/regional-goi%C3%A2nia/masters/34,https://pokepast.es/cc14c457cecd67b8,3,4
regional-goiânia,Oficial,Gustavo Borges,BR,Glimmora, Focus Sash,Toxic Debris,Grass,Sludge Bomb,Earth Power,Mortal Spin,Spiky Shield,Empoleon, Assault Vest,Competitive,Grass,Blizzard,Flash Cannon,Water Pledge,Vacuum Wave,Ninetales-Alola, Light Clay,Snow Warning,Water,Blizzard,Moonblast,Protect,Aurora Veil,Flamigo, Figy Berry,Costar,Flying,Brave Bird,Throat Chop,Close Combat,Roost,Torterra, Leftovers,Shell Armor,Dragon,Iron Defense,Body Press,Amnesia,Synthesis,Sinistcha,Rocky Helmet,Hospitality,Water,- Matcha Gotcha,Life Dew,Shadow Ball,Psych Up,Raphael Ferreira Barbosa ,Win,Enzo Mosso Carneiro ,Loss,Carlos Rodrigues muniz ,Win,rainer arana ,Loss,Felipe Pinheiro de Souza ,Loss,Jessica Miranda de Freitas ,Loss,Philip Puertas ,Win,,,,,,,https://standings.stalruth.dev/2024/regional-goi%C3%A2nia/masters/83,https://pokepast.es/e045ea7f1069ba97,3,4
regional-goiânia,Oficial,Telmo Alves Lima Junior,BR,Urshifu, Focus Sash,Unseen Fist,Dark,Detect,Close Combat,Wicked Blow,Sucker Punch,Flutter Mane, Choice Specs,Protosynthesis,Fairy,Moonblast,Dazzling Gleam,Shadow Ball,Icy Wind,Ursaluna-Bloodmoon,Life Orb,Mind’s Eye,Normal,Protect,Earth Power,Hyper Voice,Blood Moon,Farigiraf, Sitrus Berry,Armor Tail,Fairy,Trick Room,Helping Hand,Psychic Noise,Dazzling Gleam,Ogerpon-Wellspring,Wellspring Mask,Water Absorb,Water,Spiky Shield,Follow Me,Ivy Cudgel,Horn Leech,Gouging Fire,Booster Energy,Protosynthesis,Grass,- Burning Bulwark,Howl,Heat Crash,Breaking Swipe,Pedro Souza ,Loss,Caio Romanini ,Loss,GUILHERME RECALDE ,Win,Davi Guimaraes ,Loss,Carlos Rodrigues muniz ,Loss,Renan Bernardo ,Win,FABIANO RAMOS ,Win,,,,,,,https://standings.stalruth.dev/2024/regional-goi%C3%A2nia/masters/85,https://pokepast.es/0b210d019fa9ad17,3,4
regional-goiânia,Oficial,Lucas Velasco,BR,Chi-Yu, Assault Vest,Beads of Ruin,Fire,Dark Pulse,Heat Wave,Psychic,Snarl,Flutter Mane, Booster Energy,Protosynthesis,Fairy,Dazzling Gleam,Shadow Ball,Moonblast,Protect,Farigiraf, Rocky Helmet,Armor Tail,Fairy,Helping Hand,Dazzling Gleam,Protect,Trick Room,Porygon2, Eviolite,Trace,Ghost,Ice Beam,Thunderbolt,Recover,Trick Room,Ogerpon-Wellspring,Wellspring Mask,Water Absorb,Water,- Ivy Cudgel,Spiky Shield,U-turn,Horn Leech,Incineroar, Sitrus Berry,Intimidate,Ghost,Flare Blitz,Knock Off,Fake Out,Parting Shot,Mateus Kuniyosi ,Loss,Ayrton Costa ,Loss,Allan Gabriel ,Loss,Pedro Melo da Silva ,Win,Renan Bernardo ,Win,João Castro ,Loss,Eduardo Oliveira ,Win,,,,,,,https://standings.stalruth.dev/2024/regional-goi%C3%A2nia/masters/29,https://pokepast.es/37a3730ca42ee57f,3,4
regional-goiânia,Oficial,Lorenzo Tonetti,BR,Ogerpon-Hearthflame,Hearthflame Mask,Mold Breaker,Fire,- Ivy Cudgel,Grassy Glide,Swords Dance,Spiky Shield,Urshifu, Focus Sash,Unseen Fist,Dark,Wicked Blow,Close Combat,Sucker Punch,Detect,Rillaboom, Assault Vest,Grassy Surge,Fire,Fake Out,Wood Hammer,Grassy Glide,U-turn,Tornadus, Rocky Helmet,Prankster,Steel,Bleakwind Storm,Tailwind,Sunny Day,Protect,Flutter Mane, Choice Specs,Protosynthesis,Fairy,Moonblast,Shadow Ball,Dazzling Gleam,Icy Wind,Glimmora, Power Herb,Toxic Debris,Grass,Meteor Beam,Sludge Bomb,Earth Power,Spiky Shield,Daniel Rocha ,Win,nicolas del campo ,Loss,Diego Gutierrez ,Loss,Philip Puertas ,Win,Dorian Quiñonez ,Loss,,,,,,,,,,,https://standings.stalruth.dev/2024/regional-goi%C3%A2nia/masters/14,https://pokepast.es/8a6bda4ff6317e16,2,3
regional-goiânia,Oficial,nicolas del campo,CL,Ogerpon-Hearthflame,Hearthflame Mask,Mold Breaker,Fire,- Ivy Cudgel,Wood Hammer,Follow Me,Spiky Shield,Flutter Mane, Booster Energy,Protosynthesis,Fairy,Dazzling Gleam,Icy Wind,Moonblast,Protect,Rillaboom,Miracle Seed,Grassy Surge,Steel,Grassy Glide,Wood Hammer,Fake Out,Protect,Raging Bolt,Assault Vest,Protosynthesis,Electric,- Thunderclap,Electroweb,Dragon Pulse,Snarl,Landorus, Life Orb,Sheer Force,Steel,Earth Power,Sludge Bomb,Taunt,Protect,Urshifu, Focus Sash,Unseen Fist,Dark,Wicked Blow,Close Combat,Sucker Punch,Detect,Marcel Silva Araujo ,Win,Lorenzo Tonetti ,Win,Pedro Henrique Rubini Cini ,Loss,Renzo Navarro ,Loss,Rafael Cassemiro Tezzotto ,Loss,David Assato ,Loss,Mateus Kuniyosi ,Loss,,,,,,,https://standings.stalruth.dev/2024/regional-goi%C3%A2nia/masters/73,https://pokepast.es/dae4650432e2c27a,2,5
regional-goiânia,Oficial,Enzo Mosso Carneiro,BR,Farigiraf, Throat Spray,Armor Tail,Fairy,Hyper Voice,Psychic,Protect,Trick Room,Rillaboom, Assault Vest,Grassy Surge,Poison,Grassy Glide,Fake Out,Wood Hammer,U-turn,Urshifu-Rapid-Strike, Choice Scarf,Unseen Fist,Water,Surging Strikes,Aqua Jet,Close Combat,U-turn,Flutter Mane, Booster Energy,Protosynthesis,Grass,Moonblast,Shadow Ball,Calm Mind,Protect,Ogerpon-Hearthflame,Hearthflame Mask,Mold Breaker,Fire,- Ivy Cudgel,Grassy Glide,Swords Dance,Spiky Shield,Incineroar, Safety Goggles,Intimidate,Ghost,Knock Off,Fake Out,Flare Blitz,Parting Shot,Alina Bezerra ,Win,Gustavo Borges ,Win,Claudio Kamoda ,Loss,Omar Acuña Acevedo ,Loss,Diego Sebastián Ortiz Sánchez ,Loss,Allan Gabriel ,Loss,,,,,,,,,https://standings.stalruth.dev/2024/regional-goi%C3%A2nia/masters/56,https://pokepast.es/4e868bc1ca0d3b38,2,4
regional-goiânia,Oficial,Eduardo Oliveira,BR,Urshifu-Rapid-Strike, Choice Scarf,Unseen Fist,Water,Surging Strikes,Aqua Jet,Close Combat,U-turn,Amoonguss, Sitrus Berry,Regenerator,Water,Leaf Storm,Pollen Puff,Spore,Rage Powder,Iron Crown,Booster Energy,Quark Drive,Water,Tera Blast,Tachyon Cutter,Expanding Force,Protect,Indeedee-F, Rocky Helmet,Psychic Surge,Fairy,Dazzling Gleam,Helping Hand,Follow Me,Trick Room,Arcanine-Hisui,Choice Band,Intimidate,Grass,Extreme Speed,Rock Slide,Bulldoze,Flare Blitz,Ursaluna-Bloodmoon,Life Orb,Mind’s Eye,Fairy,- Blood Moon,Earth Power,Hyper Voice,Protect,Anderson S Cunha ,Win,Paul Ruiz ,Loss,Davi Guimaraes ,Win,Diego Gutierrez ,Loss,Guilherme Queiroz ,Loss,cristhian andrade ,Loss,Lucas Velasco ,Loss,,,,,,,https://standings.stalruth.dev/2024/regional-goi%C3%A2nia/masters/39,https://pokepast.es/866a7c4abc340834,2,5
regional-goiânia,Oficial,Carlos Rodrigues muniz,BR,Torkoal,Charcoal,Drought,Grass,Solar Beam,Eruption,Protect,Clear Smog,Comfey, Covert Cloak,Triage,Steel,Floral Healing,Trick Room,Draining Kiss,Helping Hand,Flutter Mane, Focus Sash,Protosynthesis,Fairy,Dazzling Gleam,Shadow Ball,Trick Room,Helping Hand,Walking Wake,Life Orb,Protosynthesis,Water,- Hydro Steam,Protect,Draco Meteor,Flamethrower,Iron Hands, Assault Vest,Quark Drive,Fire,Fake Out,Drain Punch,Iron Head,Supercell Slam,Annihilape, Sitrus Berry,Defiant,Steel,Drain Punch,Bulk Up,Poison Jab,Rage Fist,Nicolas Fernandez ,Win,Igor Fagundes ,Loss,Gustavo Borges ,Loss,Felipe Pinheiro de Souza ,Loss,Telmo Alves Lima Junior ,Win,Pedro Soares ,Loss,Thiago Prates ,Loss,,,,,,,https://standings.stalruth.dev/2024/regional-goi%C3%A2nia/masters/51,https://pokepast.es/38602c46fbcdcd00,2,5
regional-goiânia,Oficial,Leandro Santos,BR,Ninetales-Alola, Light Clay,Snow Warning,Fire,Protect,Blizzard,Aurora Veil,Dazzling Gleam,Iron Bundle, Focus Sash,Quark Drive,Ice,Blizzard,Freeze-Dry,Aurora Veil,Water Pulse,Sylveon, Covert Cloak,Pixilate,Fairy,Protect,Hyper Voice,Helping Hand,Shadow Ball,Raging Bolt,Assault Vest,Protosynthesis,Normal,Ancient Power,Electroweb,Thunderclap,Dragon Pulse,Arcanine-Hisui,Leftovers,Intimidate,Grass,Protect,Flare Blitz,Rock Slide,Extreme Speed,Ogerpon-Wellspring,Wellspring Mask,Water Absorb,Water,Brick Break,Ivy Cudgel,Horn Leech,Spiky Shield,Murilo Vieira Santa Barbara ,Loss,Pedro Melo da Silva ,Win,Omar Acuña Acevedo ,Loss,Lorenzo Jung ,Loss,Felipe Nahum ,Win,MARTIN JAQUES ,Loss,Raul Gioielli ,Loss,,,,,,,https://standings.stalruth.dev/2024/regional-goi%C3%A2nia/masters/65,https://pokepast.es/8c9a88b0488ebba6,2,5
regional-goiânia,Oficial,Philip Puertas,BR,Incineroar, Safety Goggles,Intimidate,Ghost,Knock Off,Fake Out,Parting Shot,Flare Blitz,Ogerpon-Wellspring,Wellspring Mask,Water Absorb,Water,- Ivy Cudgel,Spiky Shield,Horn Leech,Follow Me,Amoonguss, Sitrus Berry,Regenerator,Dark,Pollen Puff,Spore,Rage Powder,Protect,Flutter Mane, Choice Specs,Protosynthesis,Fairy,Energy Ball,Moonblast,Dazzling Gleam,Shadow Ball,Raging Bolt,Assault Vest,Protosynthesis,Fairy,Snarl,Thunderclap,Electroweb,Dragon Pulse,Urshifu-Rapid-Strike, Choice Scarf,Unseen Fist,Water,Close Combat,Ice Spinner,Surging Strikes,U-turn,Claudio Kamoda ,Loss,FABIANO RAMOS ,Win,Thiago Prates ,Loss,Lorenzo Tonetti ,Loss,Fábio Souza ,Win,Gustavo Gomes ,Loss,Gustavo Borges ,Loss,,,,,,,https://standings.stalruth.dev/2024/regional-goi%C3%A2nia/masters/103,https://pokepast.es/457b317adbd524aa,2,5
regional-goiânia,Oficial,FABIANO RAMOS,BR,Flutter Mane, Booster Energy,Protosynthesis,Fairy,Moonblast,Dazzling Gleam,Shadow Ball,Protect,Urshifu, Focus Sash,Unseen Fist,Dark,Wicked Blow,Close Combat,Sucker Punch,Detect,Ogerpon-Wellspring,Wellspring Mask,Water Absorb,Water,- Ivy Cudgel,Horn Leech,Spiky Shield,Follow Me,Glimmora, Power Herb,Toxic Debris,Grass,Meteor Beam,Sludge Bomb,Earth Power,Spiky Shield,Tornadus, Rocky Helmet,Prankster,Dark,Bleakwind Storm,Tailwind,Taunt,Rain Dance,Chi-Yu, Choice Specs,Beads of Ruin,Fire,Heat Wave,Dark Pulse,Snarl,Overheat,Thiago Lattanzi ,Loss,Philip Puertas ,Loss,DROP,DROP,Sergio Igarashi ,Loss,Bruno Silva ,Win,Davi Guimaraes ,Loss,Telmo Alves Lima Junior ,Loss,,,,,,,https://standings.stalruth.dev/2024/regional-goi%C3%A2nia/masters/97,https://pokepast.es/bd3293e2fc4b7680,2,5
regional-goiânia,Oficial,Marcel Silva Araujo,BR,Ogerpon-Wellspring,Wellspring Mask,Water Absorb,Water,- Ivy Cudgel,Wood Hammer,Spiky Shield,Follow Me,Houndoom, Wide Lens,Flash Fire,Grass,Heat Wave,Snarl,Protect,Will-O-Wisp,Corviknight, Choice Band,Mirror Armor,Ground,Tera Blast,Brave Bird,U-turn,Iron Head,Flutter Mane, Focus Sash,Protosynthesis,Fairy,Moonblast,Dazzling Gleam,Shadow Ball,Protect,Iron Bundle, Booster Energy,Quark Drive,Ghost,Protect,Freeze-Dry,Icy Wind,Encore,Landorus, Life Orb,Sheer Force,Poison,Earth Power,Sludge Bomb,Protect,Substitute,nicolas del campo ,Loss,VINICIUS JUNQUEIRA ,Loss,Alina Bezerra ,Win,Gustavo Gomes ,Loss,Raphael Ferreira Barbosa ,Win,juan salerno ,Loss,,,,,,,,,https://standings.stalruth.dev/2024/regional-goi%C3%A2nia/masters/72,https://pokepast.es/b48a8b903d114c19,2,4
regional-goiânia,Oficial,VITOR HUGO DE OLIVEIRA TELES,BR,Thundurus, Rocky Helmet,Prankster,Steel,Eerie Impulse,Electroweb,Sunny Day,Taunt,Rillaboom, Assault Vest,Grassy Surge,Fire,High Horsepower,Wood Hammer,Grassy Glide,Fake Out,Flutter Mane, Choice Specs,Protosynthesis,Fairy,Dazzling Gleam,Shadow Ball,Moonblast,Icy Wind,Archaludon,Covert Cloak,Stamina,Poison,- Dragon Cheer,Steel Beam,Body Press,Snarl,Gouging Fire,Leftovers,Protosynthesis,Dragon,- Burning Bulwark,Breaking Swipe,Dragon Dance,Heat Crash,Hitmontop, Sitrus Berry,Intimidate,Dark,Close Combat,Bullet Punch,Wide Guard,Fake Out,Orleani Ramos ,Win,Gabriel Agati ,Loss,BRUNO PIONTE ,Loss,Murilo Camargo ,Loss,,,,,,,,,,,,,https://standings.stalruth.dev/2024/regional-goi%C3%A2nia/masters/33,https://pokepast.es/7fa00d90820bad2b,1,3
regional-goiânia,Oficial,Fábio Souza,BR,Dragonite, Choice Band,Inner Focus,Normal,Extreme Speed,Aerial Ace,Outrage,Stomping Tantrum,Raging Bolt,Booster Energy,Protosynthesis,Fairy,- Thunderclap,Thunderbolt,Draco Meteor,Protect,Chien-Pao, Focus Sash,Sword of Ruin,Ghost,Sucker Punch,Sacred Sword,Icicle Crash,Protect,Rillaboom, Assault Vest,Grassy Surge,Fire,Fake Out,Grassy Glide,Wood Hammer,U-turn,Urshifu-Rapid-Strike, Choice Scarf,Unseen Fist,Water,Aqua Jet,Surging Strikes,Close Combat,U-turn,Ogerpon-Hearthflame,Hearthflame Mask,Mold Breaker,Fire,Swords Dance,Grassy Glide,Ivy Cudgel,Spiky Shield,Renan Gomes ,Win,Sebastian Bisbal ,Loss,Pedro Soares ,Loss,Daniel Rocha ,Loss,Philip Puertas ,Loss,,,,,,,,,,,https://standings.stalruth.dev/2024/regional-goi%C3%A2nia/masters/23,https://pokepast.es/dc8a69ac0b0d2f0c,1,4
regional-goiânia,Oficial,Robson Hamilton Carréa Filho,BR,Politoed,Damp Rock,Drizzle,Ground,Muddy Water,Protect,Hypnosis,Earth Power,Tornadus, Focus Sash,Prankster,Steel,Protect,Bleakwind Storm,Taunt,Tailwind,Landorus, Life Orb,Sheer Force,Poison,Earth Power,Protect,Sludge Bomb,Sandsear Storm,Ludicolo,Mystic Water,Swift Swim,Water,Muddy Water,Protect,Ice Beam,Energy Ball,Ogerpon-Wellspring,Wellspring Mask,Water Absorb,Water,- Ivy Cudgel,Spiky Shield,Horn Leech,Follow Me,Archaludon,Assault Vest,Stamina,Fairy,- Electro Shot,Breaking Swipe,Flash Cannon,Body Press,GUILHERME RECALDE ,Win,Dylan Torres ,Loss,Pedro Souza ,Loss,Orlando Gomes Mariano ,Loss,João Castro ,Loss,,,,,,,,,,,https://standings.stalruth.dev/2024/regional-goi%C3%A2nia/masters/78,https://pokepast.es/af5d86d71c6d2c45,1,4
regional-goiânia,Oficial,VINICIUS FEITOSA,BR,Porygon2, Eviolite,Download,Ghost,Trick Room,Recover,Ice Beam,Thunderbolt,Kommo-o, Leftovers,Overcoat,Steel,Body Press,Protect,Iron Defense,Iron Head,Malamar, Light Clay,Contrary,Psychic,Psycho Cut,Superpower,Reflect,Light Screen,Farigiraf, Safety Goggles,Armor Tail,Normal,Trick Room,Psychic,Dazzling Gleam,Protect,Amoonguss, Rocky Helmet,Regenerator,Fire,Spore,Pollen Puff,Giga Drain,Protect,Heatran, Life Orb,Flash Fire,Flying,Heat Wave,Earth Power,Flash Cannon,Protect,Francisco Alca Chacon ,Win,Daniel Vieira ,Loss,Bruno Cotrim ,Loss,,,,,,,,,,,,,,,https://standings.stalruth.dev/2024/regional-goi%C3%A2nia/masters/95,https://pokepast.es/407723df2be88ebc,1,2
regional-goiânia,Oficial,Matheus Veiga,BR,Raging Bolt,Assault Vest,Protosynthesis,Electric,- Thunderclap,Thunderbolt,Snarl,Draco Meteor,Incineroar, Sitrus Berry,Intimidate,Grass,Flare Blitz,Knock Off,Fake Out,Parting Shot,Chien-Pao, Focus Sash,Sword of Ruin,Dark,Sucker Punch,Ice Spinner,Sacred Sword,Protect,Flutter Mane, Choice Specs,Protosynthesis,Fairy,Dazzling Gleam,Moonblast,Shadow Ball,Energy Ball,Ogerpon-Wellspring,Wellspring Mask,Water Absorb,Water,- Ivy Cudgel,Horn Leech,Follow Me,Spiky Shield,Amoonguss, Rocky Helmet,Regenerator,Fairy,Sludge Bomb,Protect,Rage Powder,Spore,Renzo Navarro ,Loss,Francisco Alca Chacon ,Win,DROP,DROP,,,,,,,,,,,,,,,https://standings.stalruth.dev/2024/regional-goi%C3%A2nia/masters/59,https://pokepast.es/737b45ce51e51435,1,2
regional-goiânia,Oficial,Renan Bernardo,BR,Rillaboom, Assault Vest,Grassy Surge,Poison,Wood Hammer,Fake Out,Grassy Glide,U-turn,Farigiraf, Throat Spray,Armor Tail,Fairy,Trick Room,Psychic,Protect,Hyper Voice,Flutter Mane, Booster Energy,Protosynthesis,Grass,Shadow Ball,Moonblast,Protect,Calm Mind,Urshifu-Rapid-Strike, Choice Scarf,Unseen Fist,Water,Surging Strikes,Aqua Jet,Close Combat,U-turn,Ogerpon-Hearthflame,Hearthflame Mask,Mold Breaker,Fire,- Ivy Cudgel,Spiky Shield,Swords Dance,Grassy Glide,Incineroar, Safety Goggles,Intimidate,Ghost,Flare Blitz,Fake Out,Parting Shot,Knock Off,Wellington Alcantara ,Win,Luiz Lima ,Loss,Fábio Lima ,Loss,Rafael Cassemiro Tezzotto ,Loss,Lucas Velasco ,Loss,Telmo Alves Lima Junior ,Loss,,,,,,,,,https://standings.stalruth.dev/2024/regional-goi%C3%A2nia/masters/75,https://pokepast.es/6b524f26875cd5b1,1,5
regional-goiânia,Oficial,Bruno Silva,BR,Chien-Pao, Focus Sash,Sword of Ruin,Ghost,Sacred Sword,Icicle Crash,Protect,Sucker Punch,Rillaboom, Assault Vest,Grassy Surge,Fire,Fake Out,Wood Hammer,Grassy Glide,U-turn,Landorus, Life Orb,Sheer Force,Poison,Protect,Substitute,Sludge Bomb,Earth Power,Urshifu-Rapid-Strike, Choice Scarf,Unseen Fist,Water,Surging Strikes,Aqua Jet,Close Combat,U-turn,Raging Bolt,Leftovers,Protosynthesis,Fairy,- Thunderclap,Calm Mind,Dragon Pulse,Protect,Incineroar, Sitrus Berry,Intimidate,Ghost,Flare Blitz,Knock Off,Fake Out,Parting Shot,Sergio Igarashi ,Loss,rainer arana ,Loss,Guilherme Carvalho ,Win,Guilherme Queiroz ,Loss,FABIANO RAMOS ,Loss,,,,,,,,,,,https://standings.stalruth.dev/2024/regional-goi%C3%A2nia/masters/76,https://pokepast.es/d4e6d316fc0d0dae,1,4
regional-goiânia,Oficial,Anderson S Cunha,BR,Urshifu, Choice Scarf,Unseen Fist,Dark,Wicked Blow,Close Combat,Sucker Punch,U-turn,Incineroar, Sitrus Berry,Intimidate,Grass,Flare Blitz,Fake Out,Parting Shot,Knock Off,Ogerpon-Wellspring,Wellspring Mask,Water Absorb,Water,- Ivy Cudgel,Follow Me,Horn Leech,Spiky Shield,Raging Bolt,Leftovers,Protosynthesis,Fairy,- Thunderclap,Thunderbolt,Draco Meteor,Protect,Rillaboom, Assault Vest,Grassy Surge,Fire,Wood Hammer,High Horsepower,Grassy Glide,Fake Out,Landorus, Life Orb,Sheer Force,Poison,Sludge Bomb,Earth Power,Nasty Plot,Protect,Eduardo Oliveira ,Loss,Júlio Eller ,Win,Romulo Ramiro da Silva Oliveira ,Loss,Victor Lopes ,Loss,Jessica Miranda de Freitas ,Loss,,,,,,,,,,,https://standings.stalruth.dev/2024/regional-goi%C3%A2nia/masters/38,https://pokepast.es/6046f81530779c31,1,4
regional-goiânia,Oficial,Raphael Ferreira Barbosa,BR,Ogerpon-Wellspring,Wellspring Mask,Water Absorb,Water,- Ivy Cudgel,Horn Leech,Spiky Shield,Follow Me,Gholdengo, Life Orb,Good as Gold,Steel,Make It Rain,Nasty Plot,Shadow Ball,Protect,Urshifu, Focus Sash,Unseen Fist,Dark,Sucker Punch,Wicked Blow,Close Combat,Detect,Arcanine-Hisui,Choice Band,Intimidate,Grass,Extreme Speed,Flare Blitz,Rock Slide,Head Smash,Roaring Moon, Booster Energy,Protosynthesis,Poison,Breaking Swipe,Protect,Knock Off,Tailwind,Raging Bolt,Assault Vest,Protosynthesis,Fairy,- Thunderclap,Draco Meteor,Electroweb,Snarl,Gustavo Borges ,Loss,BRUNO PIONTE ,Loss,Pedro Melo da Silva ,Win,Diego Sebastián Ortiz Sánchez ,Loss,Marcel Silva Araujo ,Loss,Felipe Nahum ,Loss,,,,,,,,,https://standings.stalruth.dev/2024/regional-goi%C3%A2nia/masters/82,https://pokepast.es/440e6a392d5dc8f4,1,5
regional-goiânia,Oficial,Pedro Melo da Silva,BR,Kommo-o, Leftovers,Overcoat,Steel,Protect,Iron Defense,Body Press,Iron Head,Amoonguss, Rocky Helmet,Regenerator,Dark,Pollen Puff,Spore,Rage Powder,Clear Smog,Porygon2, Eviolite,Download,Fairy,Tera Blast,Ice Beam,Recover,Trick Room,Ting-Lu, Assault Vest,Vessel of Ruin,Poison,Heavy Slam,Ruination,Stomping Tantrum,Throat Chop,Incineroar, Safety Goggles,Intimidate,Ghost,Fake Out,Parting Shot,Knock Off,Flare Blitz,Flutter Mane, Choice Specs,Protosynthesis,Fairy,Moonblast,Dazzling Gleam,Shadow Ball,Perish Song,juan salerno ,Loss,Leandro Santos ,Loss,Raphael Ferreira Barbosa ,Loss,Lucas Velasco ,Loss,MARTIN JAQUES ,Loss,DROP,DROP,Felipe Nahum ,Loss,,,,,,,https://standings.stalruth.dev/2024/regional-goi%C3%A2nia/masters/16,https://pokepast.es/532cdf4ffa84e583,1,6
regional-goiânia,Oficial,Júlio Eller,BR,Tornadus, Rocky Helmet,Prankster,Steel,Bleakwind Storm,Tailwind,Scary Face,Protect,Urshifu, Focus Sash,Unseen Fist,Dark,Wicked Blow,Close Combat,Sucker Punch,Detect,Landorus-Therian, Choice Band,Intimidate,Fairy,Earthquake,U-turn,Rock Slide,Stomping Tantrum,Gholdengo, Life Orb,Good as Gold,Steel,Make It Rain,Shadow Ball,Nasty Plot,Protect,Ogerpon-Wellspring,Wellspring Mask,Water Absorb,Water,- Ivy Cudgel,Horn Leech,Follow Me,Spiky Shield,Flutter Mane, Booster Energy,Protosynthesis,Fairy,Taunt,Moonblast,Icy Wind,Protect,Diego Sebastián Ortiz Sánchez ,Loss,Anderson S Cunha ,Loss,Maurício Rodrigues ,Win,Dorian Quiñonez ,Loss,,,,,,,,,,,,,https://standings.stalruth.dev/2024/regional-goi%C3%A2nia/masters/11,https://pokepast.es/620baae7ac0f0f82,1,3
regional-goiânia,Oficial,Beybi Tomasini Huiman Gonzales,PE,Tornadus, Focus Sash,Prankster,Steel,Tailwind,Rain Dance,Bleakwind Storm,Protect,Ogerpon-Hearthflame,Hearthflame Mask,Mold Breaker,Fire,- Ivy Cudgel,Horn Leech,Follow Me,Spiky Shield,Iron Crown,Booster Energy,Quark Drive,Water,Expanding Force,Tachyon Cutter,Tera Blast,Protect,Regidrago,Dragon Fang,Dragon's Maw,Steel,Draco Meteor,Earth Power,Protect,Dragon Energy,Indeedee-F, Rocky Helmet,Psychic Surge,Fairy,Dazzling Gleam,Follow Me,Helping Hand,Trick Room,Urshifu-Rapid-Strike, Choice Scarf,Unseen Fist,Water,Surging Strikes,Aqua Jet,Close Combat,U-turn,Raul Gioielli ,Loss,,,,,,,,,,,,,,,,,,,https://standings.stalruth.dev/2024/regional-goi%C3%A2nia/masters/21,https://pokepast.es/58d744713ce03b6a,0,1
regional-goiânia,Oficial,Renan Gomes,BR,Amoonguss, Rocky Helmet,Regenerator,Water,Clear Smog,Spore,Rage Powder,Pollen Puff,Farigiraf, Sitrus Berry,Armor Tail,Fire,Nasty Plot,Hyper Voice,Psyshock,Trick Room,Torkoal,Charcoal,Drought,Fire,Earth Power,Eruption,Protect,Heat Wave,Incineroar, Safety Goggles,Intimidate,Flying,Knock Off,Flare Blitz,Fake Out,Parting Shot,Ursaluna, Flame Orb,Guts,Fairy,Headlong Rush,Facade,Earthquake,Protect,Lilligant-Hisui,Focus Sash,Chlorophyll,Ghost,After You,Sleep Powder,Ice Spinner,Close Combat,Fábio Souza ,Loss,,,,,,,,,,,,,,,,,,,https://standings.stalruth.dev/2024/regional-goi%C3%A2nia/masters/22,https://pokepast.es/0612e4d30f6184b4,0,1
regional-goiânia,Oficial,Rodrigo Vieira,BR,Flutter Mane, Booster Energy,Protosynthesis,Ghost,Dazzling Gleam,Shadow Ball,Psyshock,Protect,Great Tusk,Soft Sand,Protosynthesis,Fighting,Earthquake,Close Combat,Megahorn,Knock Off,,,,,,,,,Ogerpon-Wellspring,Wellspring Mask,Water Absorb,Water,- Ivy Cudgel,Play Rough,Wood Hammer,Spiky Shield,Ceruledge, Choice Scarf,Flash Fire,Grass,Bitter Blade,Shadow Sneak,Tera Blast,Bulk Up,Iron Valiant, Focus Sash,Quark Drive,Steel,Close Combat,Spirit Break,Shadow Sneak,Psycho Cut,Eduardo Alves dos Santos ,Loss,Victor Vieira ,Loss,Murilo Camargo ,Loss,,,,,,,,,,,,,,,https://standings.stalruth.dev/2024/regional-goi%C3%A2nia/masters/100,https://pokepast.es/c3d1eb2db46ab475,0,3
regional-goiânia,Oficial,Maurício Rodrigues,BR,Iron Hands, Assault Vest,Quark Drive,Grass,Fake Out,Wild Charge,Drain Punch,Heavy Slam,Chi-Yu, Choice Scarf,Beads of Ruin,Water,Heat Wave,Dark Pulse,Tera Blast,Snarl,Grimmsnarl, Light Clay,Prankster,Ghost,Sucker Punch,Reflect,Light Screen,Misty Terrain,Gastrodon, Sitrus Berry,Storm Drain,Fire,Muddy Water,Clear Smog,Recover,Protect,Flutter Mane, Focus Sash,Protosynthesis,Fairy,Moonblast,Shadow Ball,Dazzling Gleam,Protect,Annihilape, Leftovers,Defiant,Fire,Rage Fist,Drain Punch,Bulk Up,Protect,Paul Ruiz ,Loss,Arthur Tavares ,Loss,Júlio Eller ,Loss,,,,,,,,,,,,,,,https://standings.stalruth.dev/2024/regional-goi%C3%A2nia/masters/47,https://pokepast.es/84b5c1e6518469a7,0,3
regional-goiânia,Oficial,JESSICA DA SILVA,BR,Ogerpon-Wellspring,Wellspring Mask,Water Absorb,Water,- Ivy Cudgel,Horn Leech,Spiky Shield,Follow Me,Raging Bolt,Assault Vest,Protosynthesis,Fairy,- Thunderclap,Electroweb,Snarl,Draco Meteor,Articuno, Choice Specs,Snow Cloak,Ice,Blizzard,Ice Beam,Freeze-Dry,Sheer Cold,Ninetales-Alola, Light Clay,Snow Warning,Fire,Aurora Veil,Helping Hand,Blizzard,Moonblast,Arcanine-Hisui,Choice Band,Intimidate,Ghost,Flare Blitz,Extreme Speed,Rock Slide,Head Smash,Landorus, Life Orb,Sheer Force,Steel,Earth Power,Sludge Bomb,Substitute,Protect,Bruno Cotrim ,Loss,Lorenzo Jung ,Loss,,,,,,,,,,,,,,,,,https://standings.stalruth.dev/2024/regional-goi%C3%A2nia/masters/5,https://pokepast.es/25cc83ee32390154,0,2
regional-goiânia,Oficial,Guilherme Carvalho,BR,Gouging Fire,Booster Energy,Protosynthesis,Fairy,Heat Crash,Breaking Swipe,Howl,Burning Bulwark,Farigiraf, Sitrus Berry,Armor Tail,Fairy,Protect,Trick Room,Helping Hand,Psychic,Kingambit,Black Glasses,Defiant,Fairy,Kowtow Cleave,Iron Head,Protect,Sucker Punch,Urshifu-Rapid-Strike, Choice Scarf,Unseen Fist,Water,Surging Strikes,Close Combat,Aqua Jet,U-turn,Ogerpon-Wellspring,Wellspring Mask,Water Absorb,Water,Spiky Shield,Horn Leech,Ivy Cudgel,Follow Me,Rillaboom, Assault Vest,Grassy Surge,Fire,Fake Out,Wood Hammer,Grassy Glide,U-turn,Maicon De Moraes Silveira ,Loss,javier ramirez ,Loss,Bruno Silva ,Loss,Raul Gioielli ,Loss,,,,,,,,,,,,,https://standings.stalruth.dev/2024/regional-goi%C3%A2nia/masters/86,https://pokepast.es/953f4dc909f28d34,0,4
regional-goiânia,Oficial,Nicolas Fernandez,BR,Ogerpon-Wellspring,Wellspring Mask,Water Absorb,Water,Throat Chop,Superpower,Wood Hammer,Follow Me,Conkeldurr, Life Orb,Iron Fist,Rock,Protect,Poison Jab,Drain Punch,Thunder Punch,Iron Bundle, Punching Glove,Quark Drive,Water,Snowscape,Electric Terrain,Hydro Pump,Ice Beam,Kingambit, Covert Cloak,Supreme Overlord,Dark,Tera Blast,Foul Play,Kowtow Cleave,Iron Head,Flutter Mane, Choice Scarf,Protosynthesis,Fairy,Dazzling Gleam,Shadow Ball,Icy Wind,Power Gem,Farigiraf, Chesto Berry,Armor Tail,Normal,Protect,Trick Room,Psychic,Dazzling Gleam,Carlos Rodrigues muniz ,Loss,João Castro ,Loss,,,,,,,,,,,,,,,,,https://standings.stalruth.dev/2024/regional-goi%C3%A2nia/masters/50,https://pokepast.es/3e7f0d62cbe0f52d,0,2
regional-goiânia,Oficial,Francisco Alca Chacon,PE,Gouging Fire,Booster Energy,Protosynthesis,Grass,- Burning Bulwark,Breaking Swipe,Howl,Heat Crash,Ursaluna-Bloodmoon,Life Orb,Mind’s Eye,Normal,- Blood Moon,Hyper Voice,Earth Power,Protect,Farigiraf, Sitrus Berry,Armor Tail,Fairy,Dazzling Gleam,Helping Hand,Psychic,Trick Room,Ogerpon-Wellspring,Wellspring Mask,Water Absorb,Water,- Ivy Cudgel,Spiky Shield,Horn Leech,Follow Me,Rillaboom, Assault Vest,Grassy Surge,Fire,Grassy Glide,Fake Out,High Horsepower,Wood Hammer,Urshifu, Focus Sash,Unseen Fist,Dark,Wicked Blow,Close Combat,Sucker Punch,Protect,VINICIUS FEITOSA ,Loss,Matheus Veiga ,Loss,,,,,,,,,,,,,,,,,https://standings.stalruth.dev/2024/regional-goi%C3%A2nia/masters/94,https://pokepast.es/bebe425b034a3441,0,2
regional-goiânia,Oficial,Alina Bezerra,BR,Chien-Pao, Focus Sash,Sword of Ruin,Ghost,Ice Spinner,Sucker Punch,Sacred Sword,Protect,Raging Bolt,Safety Goggles,Protosynthesis,Water,- Thunderclap,Draco Meteor,Thunderbolt,Protect,Dragonite, Choice Band,Inner Focus,Normal,Extreme Speed,Outrage,Aerial Ace,Stomping Tantrum,Flutter Mane, Booster Energy,Protosynthesis,Fairy,Moonblast,Dazzling Gleam,Shadow Ball,Protect,Entei, Assault Vest,Inner Focus,Grass,Extreme Speed,Sacred Fire,Stomping Tantrum,Snarl,Ogerpon-Wellspring,Wellspring Mask,Water Absorb,Water,- Ivy Cudgel,Horn Leech,Spiky Shield,Follow Me,Enzo Mosso Carneiro ,Loss,MARTIN JAQUES ,Loss,Marcel Silva Araujo ,Loss,,,,,,,,,,,,,,,https://standings.stalruth.dev/2024/regional-goi%C3%A2nia/masters/57,https://pokepast.es/6f0105b2ecf7d739,0,3
regional-goiânia,Oficial,Orleani Ramos,BR,Pelipper, Focus Sash,Drizzle,Grass,Hurricane,Weather Ball,Wide Guard,Tailwind,Maushold-Four, Safety Goggles,Friend Guard,Ghost,Beat Up,Thunder Wave,Follow Me,Protect,Basculegion, Life Orb,Swift Swim,Water,Last Respects,Aqua Jet,Wave Crash,Protect,,,,,,,,,Amoonguss, Rocky Helmet,Regenerator,Water,Spore,Pollen Puff,Rage Powder,Protect,Annihilape, Leftovers,Defiant,Fire,Rage Fist,Drain Punch,Bulk Up,Protect,VITOR HUGO DE OLIVEIRA TELES ,Loss,cristhian andrade ,Loss,Daniel Rocha ,Loss,,,,,,,,,,,,,,,https://standings.stalruth.dev/2024/regional-goi%C3%A2nia/masters/32,https://pokepast.es/56ed7fd599703ee9,0,3
regional-goiânia,Oficial,Rodrigo Pereira,BR,Thundurus, Sitrus Berry,Prankster,Ghost,Sunny Day,Eerie Impulse,Taunt,Electroweb,Ogerpon-Hearthflame,Hearthflame Mask,Mold Breaker,Fire,Follow Me,Ivy Cudgel,Spiky Shield,Horn Leech,Farigiraf, Safety Goggles,Armor Tail,Fire,Trick Room,Nasty Plot,Hyper Voice,Imprison,Flutter Mane, Focus Sash,Protosynthesis,Fairy,Moonblast,Shadow Ball,Protect,Icy Wind,Raging Bolt,Assault Vest,Protosynthesis,Electric,Snarl,Electroweb,Dragon Pulse,Thunderclap,Incineroar, Figy Berry,Intimidate,Grass,Fake Out,Parting Shot,Flare Blitz,Knock Off,Romulo Ramiro da Silva Oliveira ,Loss,Gustavo Gomes ,Loss,Jessica Miranda de Freitas ,Loss,Felipe Nahum ,Loss,,,,,,,,,,,,,https://standings.stalruth.dev/2024/regional-goi%C3%A2nia/masters/48,https://pokepast.es/8572b0e6f21d5b88,0,4
regional-goiânia,Oficial,GUILHERME RECALDE,BR,Iron Hands, Assault Vest,Quark Drive,Grass,Heavy Slam,Drain Punch,Wild Charge,Fake Out,Amoonguss, Rocky Helmet,Regenerator,Water,Clear Smog,Rage Powder,Pollen Puff,Spore,Incineroar, Sitrus Berry,Intimidate,Grass,Flare Blitz,Fake Out,Parting Shot,Knock Off,Empoleon, Choice Specs,Competitive,Bug,Flash Cannon,Tera Blast,Hydro Pump,Ice Beam,Flutter Mane, Booster Energy,Protosynthesis,Fairy,Protect,Moonblast,Shadow Ball,Icy Wind,Tornadus, Covert Cloak,Prankster,Steel,Rain Dance,Bleakwind Storm,Tailwind,Taunt,Robson Hamilton Carréa Filho ,Loss,Wellington Alcantara ,Loss,Telmo Alves Lima Junior ,Loss,,,,,,,,,,,,,,,https://standings.stalruth.dev/2024/regional-goi%C3%A2nia/masters/79,https://pokepast.es/c9356ea670d7e2e8,0,3
